epoch,time,train/giou_loss,train/cls_loss,train/l1_loss,metrics/precision(B),metrics/recall(B),metrics/mAP50(B),metrics/mAP50-95(B),val/giou_loss,val/cls_loss,val/l1_loss,lr/pg0,lr/pg1,lr/pg2
1,151.964,1.8225,0.2847,0.87946,0.73522,0.59708,0.64782,0.46101,0.86356,0.4342,0.20419,0.0001,3.31915e-05,3.31915e-05
2,279.544,0.93733,0.34372,0.20431,0.82263,0.74246,0.78494,0.60077,0.58645,0.37732,0.10645,9.99341e-05,6.6459e-05,6.6459e-05
3,405.646,0.78539,0.33143,0.15573,0.85985,0.76266,0.8193,0.6361,0.5056,0.36055,0.07841,9.98023e-05,9.96604e-05,9.96604e-05
4,532.187,0.74005,0.32408,0.14049,0.87907,0.7703,0.83372,0.65302,0.48857,0.35148,0.07092,9.9703e-05,9.9703e-05,9.9703e-05
5,657.48,0.69914,0.3244,0.13731,0.89473,0.77363,0.84348,0.6709,0.46367,0.34596,0.06752,9.9604e-05,9.9604e-05,9.9604e-05
6,782.413,0.66773,0.3212,0.12202,0.90585,0.78407,0.85333,0.68327,0.44826,0.33947,0.0608,9.9505e-05,9.9505e-05,9.9505e-05
7,908.537,0.64116,0.32007,0.11169,0.90446,0.79257,0.85951,0.68917,0.42698,0.34255,0.05464,9.9406e-05,9.9406e-05,9.9406e-05
8,1035.07,0.62675,0.31732,0.11131,0.91656,0.79378,0.86386,0.69984,0.42271,0.33334,0.06127,9.9307e-05,9.9307e-05,9.9307e-05
9,1160.92,0.61573,0.31497,0.10936,0.91798,0.80181,0.86792,0.70676,0.41268,0.3261,0.05634,9.9208e-05,9.9208e-05,9.9208e-05
10,1285.09,0.61086,0.31281,0.10303,0.92475,0.8027,0.87007,0.71157,0.4041,0.32412,0.056,9.9109e-05,9.9109e-05,9.9109e-05
11,1410.63,0.58392,0.31287,0.09984,0.92355,0.80969,0.87356,0.71102,0.39766,0.33021,0.05584,9.901e-05,9.901e-05,9.901e-05
12,1536.73,0.56815,0.31125,0.09288,0.92978,0.81268,0.87618,0.72377,0.38321,0.31771,0.05286,9.8911e-05,9.8911e-05,9.8911e-05
13,1660.33,0.55954,0.30981,0.09148,0.92806,0.81644,0.87925,0.72227,0.38645,0.32028,0.05272,9.8812e-05,9.8812e-05,9.8812e-05
14,1786.49,0.55607,0.30822,0.09428,0.92499,0.82261,0.88033,0.72655,0.38489,0.31957,0.0575,9.8713e-05,9.8713e-05,9.8713e-05
15,1913.01,0.54835,0.30933,0.09306,0.93083,0.81749,0.87767,0.73103,0.38523,0.30835,0.05982,9.8614e-05,9.8614e-05,9.8614e-05
16,2036.2,0.54591,0.30511,0.09412,0.93099,0.82272,0.88319,0.7348,0.37446,0.30789,0.05385,9.8515e-05,9.8515e-05,9.8515e-05
17,2160.76,0.53909,0.30749,0.0909,0.93501,0.8196,0.88356,0.73465,0.37887,0.30611,0.06038,9.8416e-05,9.8416e-05,9.8416e-05
18,2285.99,0.53915,0.30356,0.09163,0.93714,0.82996,0.89006,0.74005,0.36685,0.30565,0.05641,9.8317e-05,9.8317e-05,9.8317e-05
19,2409.95,0.53518,0.30421,0.08949,0.93265,0.83502,0.89072,0.74525,0.35623,0.30163,0.05158,9.8218e-05,9.8218e-05,9.8218e-05
20,2532.6,0.52398,0.30261,0.08917,0.93579,0.83494,0.89191,0.74986,0.34657,0.29846,0.04801,9.8119e-05,9.8119e-05,9.8119e-05
21,2656.47,0.50356,0.30052,0.08095,0.93262,0.84043,0.89315,0.74934,0.3498,0.29832,0.05222,9.802e-05,9.802e-05,9.802e-05
22,2780.9,0.50701,0.29895,0.08512,0.93673,0.84017,0.89389,0.75356,0.34409,0.29543,0.04769,9.7921e-05,9.7921e-05,9.7921e-05
23,2903.49,0.49565,0.29824,0.07784,0.94143,0.83745,0.89403,0.75527,0.34055,0.29476,0.04576,9.7822e-05,9.7822e-05,9.7822e-05
24,3026.6,0.49951,0.29732,0.08159,0.93926,0.83884,0.89466,0.75836,0.33913,0.29236,0.04666,9.7723e-05,9.7723e-05,9.7723e-05
25,3150.5,0.4985,0.29496,0.08303,0.93972,0.84208,0.89777,0.75768,0.33892,0.29184,0.04617,9.7624e-05,9.7624e-05,9.7624e-05
26,3274.81,0.48608,0.29633,0.07455,0.94272,0.84507,0.89915,0.76396,0.33084,0.28733,0.04732,9.7525e-05,9.7525e-05,9.7525e-05
27,3399.42,0.46973,0.29714,0.07218,0.94274,0.84532,0.89999,0.76328,0.33042,0.28915,0.04895,9.7426e-05,9.7426e-05,9.7426e-05
28,3521.12,0.47153,0.29493,0.07506,0.94159,0.84824,0.90088,0.76355,0.33313,0.28945,0.04745,9.7327e-05,9.7327e-05,9.7327e-05
29,3643.48,0.47343,0.29665,0.0739,0.94236,0.84528,0.89899,0.76406,0.33066,0.28917,0.04644,9.7228e-05,9.7228e-05,9.7228e-05
30,3768.35,0.46335,0.29247,0.07256,0.94347,0.84843,0.90058,0.76873,0.32703,0.28476,0.04799,9.7129e-05,9.7129e-05,9.7129e-05
31,3892,0.47506,0.29343,0.08024,0.94322,0.8476,0.90044,0.7682,0.32436,0.28536,0.04792,9.703e-05,9.703e-05,9.703e-05
32,4016.16,0.45707,0.29329,0.0744,0.94178,0.85167,0.90175,0.77147,0.31814,0.28182,0.04496,9.6931e-05,9.6931e-05,9.6931e-05
33,4139.23,0.45807,0.29379,0.07252,0.93749,0.85684,0.90313,0.77039,0.3284,0.28407,0.05294,9.6832e-05,9.6832e-05,9.6832e-05
34,4263.33,0.45709,0.29141,0.07415,0.94379,0.85354,0.90207,0.77495,0.31932,0.28046,0.04688,9.6733e-05,9.6733e-05,9.6733e-05
35,4385.55,0.44874,0.28945,0.07129,0.94168,0.85574,0.90521,0.77392,0.31994,0.28452,0.04896,9.6634e-05,9.6634e-05,9.6634e-05
36,4508.4,0.44823,0.28918,0.07059,0.94249,0.85662,0.9064,0.77755,0.31402,0.27921,0.04444,9.6535e-05,9.6535e-05,9.6535e-05
37,4631.88,0.44102,0.28886,0.06763,0.94313,0.86227,0.91001,0.78223,0.30126,0.27944,0.04055,9.6436e-05,9.6436e-05,9.6436e-05
38,4756.02,0.43589,0.28881,0.06682,0.94428,0.8578,0.90812,0.78287,0.30408,0.27803,0.04194,9.6337e-05,9.6337e-05,9.6337e-05
39,4880.38,0.43687,0.28729,0.06786,0.94413,0.8576,0.90686,0.7801,0.30841,0.27716,0.04031,9.6238e-05,9.6238e-05,9.6238e-05
40,5005.85,0.44861,0.28843,0.0714,0.93977,0.85868,0.90718,0.77991,0.30748,0.27939,0.04093,9.6139e-05,9.6139e-05,9.6139e-05
41,5130.2,0.45099,0.2863,0.07178,0.94672,0.85649,0.90759,0.78241,0.31008,0.27642,0.04435,9.604e-05,9.604e-05,9.604e-05
42,5253.8,0.42368,0.28615,0.06416,0.94445,0.86154,0.90864,0.78496,0.30445,0.27421,0.04229,9.5941e-05,9.5941e-05,9.5941e-05
43,5377.34,0.43605,0.28518,0.07084,0.94498,0.84821,0.90054,0.78135,0.31352,0.27139,0.04111,9.5842e-05,9.5842e-05,9.5842e-05
44,5502.81,0.43406,0.28397,0.06576,0.94497,0.85849,0.90727,0.78523,0.30574,0.27108,0.04287,9.5743e-05,9.5743e-05,9.5743e-05
45,5627.62,0.42888,0.2853,0.06744,0.9446,0.86578,0.91096,0.78751,0.29617,0.2751,0.03962,9.5644e-05,9.5644e-05,9.5644e-05
46,5753.36,0.42571,0.28439,0.06334,0.94703,0.86137,0.91055,0.79141,0.29526,0.2712,0.03696,9.5545e-05,9.5545e-05,9.5545e-05
47,5877.62,0.43534,0.28355,0.07096,0.94635,0.86317,0.91045,0.79034,0.29377,0.27506,0.03729,9.5446e-05,9.5446e-05,9.5446e-05
48,6001.92,0.42475,0.28361,0.06689,0.94116,0.86294,0.90815,0.78937,0.29729,0.27438,0.04004,9.5347e-05,9.5347e-05,9.5347e-05
49,6121.41,0.42431,0.28266,0.06569,0.9469,0.86183,0.91011,0.79197,0.29507,0.27077,0.04069,9.5248e-05,9.5248e-05,9.5248e-05
50,6243.71,0.41447,0.28412,0.06356,0.94788,0.85887,0.90886,0.79038,0.29842,0.26966,0.04234,9.5149e-05,9.5149e-05,9.5149e-05
51,6368.46,0.40907,0.28055,0.0611,0.94979,0.85843,0.9081,0.79079,0.29825,0.26898,0.04147,9.505e-05,9.505e-05,9.505e-05
52,6492.58,0.41278,0.28116,0.06201,0.94301,0.86441,0.90995,0.7919,0.29202,0.27258,0.03898,9.4951e-05,9.4951e-05,9.4951e-05
53,6617,0.41139,0.2824,0.06244,0.94593,0.86559,0.91173,0.79531,0.28858,0.26886,0.03907,9.4852e-05,9.4852e-05,9.4852e-05
54,6739.62,0.41086,0.27968,0.06199,0.94689,0.86141,0.90928,0.79283,0.29164,0.27137,0.03767,9.4753e-05,9.4753e-05,9.4753e-05
55,6864.14,0.40823,0.27977,0.06186,0.94494,0.86858,0.9149,0.79792,0.28387,0.27108,0.0362,9.4654e-05,9.4654e-05,9.4654e-05
56,6987.52,0.40256,0.27879,0.06212,0.94779,0.86617,0.91537,0.79851,0.28362,0.27083,0.03504,9.4555e-05,9.4555e-05,9.4555e-05
57,7110.29,0.40411,0.28226,0.0637,0.94704,0.86071,0.90854,0.79482,0.29409,0.26812,0.04144,9.4456e-05,9.4456e-05,9.4456e-05
58,7236.41,0.40895,0.27927,0.0625,0.94524,0.85779,0.90791,0.79142,0.29419,0.27002,0.03844,9.4357e-05,9.4357e-05,9.4357e-05
59,7358.76,0.4045,0.28042,0.06149,0.94501,0.86557,0.9102,0.79672,0.28907,0.26618,0.04134,9.4258e-05,9.4258e-05,9.4258e-05
60,7484.38,0.40034,0.28087,0.05967,0.948,0.86613,0.91367,0.79981,0.2831,0.26643,0.03707,9.4159e-05,9.4159e-05,9.4159e-05
61,7609.43,0.40292,0.27798,0.06175,0.94914,0.86427,0.90987,0.79783,0.28268,0.26661,0.03388,9.406e-05,9.406e-05,9.406e-05
62,7731.92,0.39758,0.27812,0.06017,0.95065,0.86649,0.91523,0.79997,0.28199,0.26641,0.03889,9.3961e-05,9.3961e-05,9.3961e-05
63,7856.95,0.39864,0.27501,0.06373,0.95046,0.86338,0.91498,0.80223,0.27912,0.26336,0.03689,9.3862e-05,9.3862e-05,9.3862e-05
64,7979.5,0.39374,0.27716,0.06045,0.94566,0.86709,0.91123,0.80116,0.2802,0.26475,0.03582,9.3763e-05,9.3763e-05,9.3763e-05
65,8103.88,0.39575,0.27664,0.05892,0.94683,0.86725,0.91437,0.79989,0.28201,0.26803,0.03721,9.3664e-05,9.3664e-05,9.3664e-05
66,8228.93,0.40489,0.27655,0.06464,0.94699,0.86862,0.9146,0.79942,0.27988,0.27269,0.03548,9.3565e-05,9.3565e-05,9.3565e-05
67,8353.33,0.38811,0.27899,0.05575,0.95004,0.87083,0.91549,0.80561,0.27479,0.26428,0.0355,9.3466e-05,9.3466e-05,9.3466e-05
68,8474.7,0.39208,0.27702,0.06148,0.95103,0.86835,0.91506,0.8022,0.28068,0.26619,0.03967,9.3367e-05,9.3367e-05,9.3367e-05
69,8599.55,0.3921,0.27623,0.06196,0.94855,0.87465,0.91653,0.80545,0.27357,0.26366,0.03691,9.3268e-05,9.3268e-05,9.3268e-05
70,8725.32,0.38642,0.27617,0.05958,0.94719,0.87031,0.91533,0.80422,0.27644,0.26572,0.03942,9.3169e-05,9.3169e-05,9.3169e-05
71,8848.43,0.38892,0.27308,0.05864,0.94797,0.86969,0.91619,0.80589,0.27391,0.26389,0.03644,9.307e-05,9.307e-05,9.307e-05
72,8970.1,0.38347,0.2754,0.05678,0.95202,0.86519,0.91587,0.80785,0.27333,0.26224,0.03433,9.2971e-05,9.2971e-05,9.2971e-05
73,9094.15,0.38623,0.27647,0.05771,0.94955,0.87052,0.91586,0.80731,0.27552,0.26417,0.03702,9.2872e-05,9.2872e-05,9.2872e-05
74,9217.24,0.38552,0.27524,0.05794,0.94709,0.87179,0.91607,0.80672,0.2764,0.26407,0.03649,9.2773e-05,9.2773e-05,9.2773e-05
75,9337.97,0.37811,0.27721,0.05735,0.95156,0.87052,0.91724,0.81006,0.27191,0.25977,0.03647,9.2674e-05,9.2674e-05,9.2674e-05
76,9459.54,0.38408,0.27341,0.05945,0.95061,0.86804,0.9152,0.80697,0.276,0.26095,0.03612,9.2575e-05,9.2575e-05,9.2575e-05
77,9580,0.38875,0.27359,0.06061,0.9486,0.86926,0.91657,0.80938,0.26884,0.26139,0.03489,9.2476e-05,9.2476e-05,9.2476e-05
78,9701.08,0.38538,0.27276,0.05775,0.95001,0.86849,0.91535,0.80784,0.27546,0.26029,0.03709,9.2377e-05,9.2377e-05,9.2377e-05
79,9823.43,0.37913,0.27184,0.05936,0.94847,0.87102,0.9162,0.80974,0.27199,0.26028,0.03457,9.2278e-05,9.2278e-05,9.2278e-05
80,9948.15,0.37742,0.27365,0.055,0.95166,0.87052,0.91735,0.80839,0.27241,0.26126,0.03572,9.2179e-05,9.2179e-05,9.2179e-05
81,10071.6,0.37345,0.27306,0.05495,0.95183,0.86665,0.91635,0.81071,0.26996,0.25827,0.03645,9.208e-05,9.208e-05,9.208e-05
82,10196.7,0.37301,0.27337,0.05514,0.95317,0.87064,0.91821,0.81166,0.26566,0.25974,0.03536,9.1981e-05,9.1981e-05,9.1981e-05
83,10319.1,0.37665,0.27325,0.05607,0.95282,0.87043,0.91818,0.81193,0.26482,0.2605,0.03396,9.1882e-05,9.1882e-05,9.1882e-05
84,10441.8,0.37411,0.27319,0.05723,0.95162,0.87103,0.91755,0.81231,0.26791,0.25925,0.0338,9.1783e-05,9.1783e-05,9.1783e-05
85,10563.2,0.35947,0.27379,0.05064,0.95033,0.87502,0.91877,0.81485,0.26442,0.25801,0.0338,9.1684e-05,9.1684e-05,9.1684e-05
86,10684.8,0.3674,0.2714,0.05392,0.952,0.87372,0.91839,0.81442,0.2633,0.25843,0.03337,9.1585e-05,9.1585e-05,9.1585e-05
87,10807.1,0.36941,0.27239,0.05404,0.9521,0.87239,0.91877,0.81665,0.26118,0.25628,0.03109,9.1486e-05,9.1486e-05,9.1486e-05
88,10930.4,0.37285,0.27026,0.0565,0.95019,0.8761,0.919,0.81525,0.26248,0.25776,0.03333,9.1387e-05,9.1387e-05,9.1387e-05
89,11050.6,0.36149,0.2715,0.05147,0.95229,0.87735,0.91957,0.81697,0.26017,0.25621,0.03404,9.1288e-05,9.1288e-05,9.1288e-05
90,11172.7,0.36315,0.27201,0.05181,0.95238,0.87403,0.91811,0.81537,0.26447,0.25695,0.03428,9.1189e-05,9.1189e-05,9.1189e-05
91,11296.3,0.3536,0.26974,0.04979,0.95196,0.87235,0.91834,0.81513,0.26579,0.25611,0.03534,9.109e-05,9.109e-05,9.109e-05
92,11416.4,0.3606,0.2732,0.05412,0.95377,0.87469,0.91996,0.81782,0.25953,0.25686,0.03316,9.0991e-05,9.0991e-05,9.0991e-05
93,11538.2,0.35521,0.27405,0.04983,0.95208,0.87576,0.92011,0.81782,0.25617,0.25854,0.03233,9.0892e-05,9.0892e-05,9.0892e-05
94,11662.6,0.35987,0.26948,0.05228,0.95423,0.87398,0.92,0.81747,0.26089,0.25649,0.03277,9.0793e-05,9.0793e-05,9.0793e-05
95,11784.2,0.3473,0.26836,0.04714,0.95339,0.87701,0.92007,0.81786,0.25882,0.25604,0.03298,9.0694e-05,9.0694e-05,9.0694e-05
96,11905.9,0.35746,0.2723,0.05221,0.95146,0.87699,0.91944,0.8169,0.25802,0.25658,0.03171,9.0595e-05,9.0595e-05,9.0595e-05
97,12026.3,0.34854,0.26844,0.04833,0.95243,0.87566,0.91881,0.8168,0.26069,0.25607,0.03287,9.0496e-05,9.0496e-05,9.0496e-05
98,12150.5,0.36222,0.26944,0.05173,0.95304,0.87753,0.91955,0.81576,0.26058,0.25935,0.03293,9.0397e-05,9.0397e-05,9.0397e-05
99,12271.7,0.35628,0.27111,0.05147,0.95323,0.87375,0.91821,0.81454,0.26465,0.25728,0.03513,9.0298e-05,9.0298e-05,9.0298e-05
100,12395.5,0.37105,0.27051,0.05756,0.95158,0.87772,0.91946,0.81879,0.25858,0.25618,0.03353,9.0199e-05,9.0199e-05,9.0199e-05
101,12519.2,0.35565,0.26931,0.05265,0.95312,0.87813,0.91997,0.81974,0.25555,0.25479,0.03184,9.01e-05,9.01e-05,9.01e-05
102,12641.4,0.34838,0.26953,0.04862,0.95407,0.87747,0.92009,0.82102,0.25492,0.25354,0.03176,9.0001e-05,9.0001e-05,9.0001e-05
103,12764.6,0.35313,0.2683,0.05132,0.95197,0.88178,0.92372,0.82183,0.25327,0.25498,0.03161,8.9902e-05,8.9902e-05,8.9902e-05
104,12887.2,0.35111,0.26921,0.05103,0.95221,0.87833,0.91958,0.821,0.25459,0.25311,0.03166,8.9803e-05,8.9803e-05,8.9803e-05
105,13008.3,0.34874,0.26803,0.04791,0.95468,0.87988,0.92452,0.82367,0.25045,0.25378,0.03186,8.9704e-05,8.9704e-05,8.9704e-05
106,13131.2,0.34676,0.26929,0.05159,0.95403,0.8788,0.92339,0.82329,0.25136,0.25302,0.03277,8.9605e-05,8.9605e-05,8.9605e-05
107,13253.3,0.34757,0.26759,0.05032,0.95256,0.88202,0.92506,0.82512,0.25038,0.2519,0.03235,8.9506e-05,8.9506e-05,8.9506e-05
108,13377.1,0.34078,0.26513,0.04735,0.95142,0.88014,0.92257,0.82421,0.25022,0.25223,0.03213,8.9407e-05,8.9407e-05,8.9407e-05
109,13497.8,0.33832,0.26907,0.04713,0.95552,0.87959,0.92396,0.82359,0.251,0.25308,0.03227,8.9308e-05,8.9308e-05,8.9308e-05
110,13621.2,0.34809,0.2691,0.04941,0.95268,0.87851,0.92229,0.82385,0.25076,0.25496,0.03129,8.9209e-05,8.9209e-05,8.9209e-05
111,13743.3,0.34186,0.26512,0.04801,0.9534,0.8782,0.92318,0.82491,0.24973,0.25486,0.03236,8.911e-05,8.911e-05,8.911e-05
112,13864.4,0.34148,0.26737,0.04818,0.95172,0.87639,0.92018,0.82416,0.25235,0.2515,0.03303,8.9011e-05,8.9011e-05,8.9011e-05
113,13986.7,0.34285,0.26413,0.04551,0.95335,0.87874,0.92062,0.82471,0.252,0.2532,0.03122,8.8912e-05,8.8912e-05,8.8912e-05
114,14107.9,0.34138,0.26267,0.04968,0.95378,0.8775,0.92079,0.82549,0.25442,0.24917,0.03287,8.8813e-05,8.8813e-05,8.8813e-05
115,14230.8,0.33679,0.26406,0.04668,0.95342,0.88018,0.92309,0.82637,0.25152,0.25036,0.03316,8.8714e-05,8.8714e-05,8.8714e-05
116,14352.1,0.33833,0.26575,0.0475,0.95231,0.88019,0.92073,0.82425,0.25382,0.25038,0.03306,8.8615e-05,8.8615e-05,8.8615e-05
117,14474.6,0.32994,0.26534,0.04612,0.95342,0.88149,0.924,0.82569,0.24781,0.25111,0.03051,8.8516e-05,8.8516e-05,8.8516e-05
118,14598.1,0.34026,0.26452,0.04907,0.95403,0.87975,0.92315,0.82481,0.25019,0.25142,0.03047,8.8417e-05,8.8417e-05,8.8417e-05
119,14721.2,0.33745,0.2654,0.04674,0.95454,0.88035,0.9239,0.82555,0.24804,0.25329,0.0296,8.8318e-05,8.8318e-05,8.8318e-05
120,14844.9,0.34015,0.26543,0.04914,0.95511,0.87956,0.92331,0.82639,0.24885,0.25044,0.03123,8.8219e-05,8.8219e-05,8.8219e-05
121,14966.6,0.33545,0.26536,0.04707,0.95579,0.88241,0.92495,0.82702,0.24515,0.25252,0.02936,8.812e-05,8.812e-05,8.812e-05
122,15088.6,0.33615,0.26634,0.04811,0.95205,0.88029,0.92358,0.82513,0.2476,0.25403,0.02878,8.8021e-05,8.8021e-05,8.8021e-05
123,15209.3,0.33979,0.26717,0.04895,0.95649,0.87914,0.92419,0.82451,0.24698,0.25393,0.02917,8.7922e-05,8.7922e-05,8.7922e-05
124,15331.3,0.33662,0.26518,0.04595,0.95466,0.87861,0.92341,0.82569,0.24677,0.25326,0.02876,8.7823e-05,8.7823e-05,8.7823e-05
125,15451.5,0.32786,0.26494,0.04614,0.95467,0.8781,0.92311,0.82614,0.24743,0.25152,0.02953,8.7724e-05,8.7724e-05,8.7724e-05
126,15575.4,0.32619,0.26362,0.04448,0.95541,0.88093,0.92507,0.82874,0.2421,0.25152,0.02909,8.7625e-05,8.7625e-05,8.7625e-05
127,15698.8,0.32796,0.26354,0.04592,0.95366,0.8822,0.92548,0.83018,0.24314,0.25088,0.02926,8.7526e-05,8.7526e-05,8.7526e-05
128,15822.7,0.32359,0.26483,0.04364,0.95652,0.88397,0.92608,0.83074,0.2419,0.25054,0.02887,8.7427e-05,8.7427e-05,8.7427e-05
129,15943.7,0.33435,0.2619,0.04597,0.95734,0.8817,0.92463,0.82865,0.24482,0.24977,0.02892,8.7328e-05,8.7328e-05,8.7328e-05
130,16064.4,0.33154,0.26587,0.04585,0.9577,0.88088,0.92499,0.82773,0.24668,0.25048,0.03036,8.7229e-05,8.7229e-05,8.7229e-05
131,16186.9,0.32476,0.26588,0.04314,0.95239,0.88376,0.92544,0.82947,0.24203,0.24881,0.02809,8.713e-05,8.713e-05,8.713e-05
132,16308,0.32877,0.26492,0.04643,0.95539,0.88772,0.92696,0.83006,0.23989,0.24952,0.0293,8.7031e-05,8.7031e-05,8.7031e-05
133,16432.7,0.33594,0.26279,0.04696,0.95523,0.88499,0.92636,0.82939,0.24129,0.25189,0.02951,8.6932e-05,8.6932e-05,8.6932e-05
134,16552.9,0.3393,0.26359,0.04876,0.95587,0.88534,0.92582,0.83115,0.24045,0.24918,0.02932,8.6833e-05,8.6833e-05,8.6833e-05
135,16677.1,0.33605,0.26079,0.05005,0.95591,0.88007,0.92443,0.82736,0.24433,0.2509,0.02995,8.6734e-05,8.6734e-05,8.6734e-05
136,16796.2,0.33957,0.26586,0.04848,0.95634,0.88136,0.92505,0.82824,0.24469,0.25197,0.02994,8.6635e-05,8.6635e-05,8.6635e-05
137,16920.4,0.33326,0.26369,0.04669,0.95644,0.88285,0.92641,0.82967,0.24305,0.25366,0.03084,8.6536e-05,8.6536e-05,8.6536e-05
138,17042.6,0.33556,0.26352,0.04888,0.95652,0.88486,0.9267,0.83112,0.24132,0.25225,0.03079,8.6437e-05,8.6437e-05,8.6437e-05
139,17164.3,0.33207,0.26403,0.04656,0.95471,0.88582,0.92654,0.8317,0.23978,0.25113,0.02998,8.6338e-05,8.6338e-05,8.6338e-05
140,17286.2,0.33873,0.26344,0.0491,0.95616,0.88314,0.92578,0.83098,0.24133,0.25087,0.03153,8.6239e-05,8.6239e-05,8.6239e-05
141,17409.4,0.32872,0.2652,0.04469,0.95858,0.87774,0.92506,0.8289,0.24576,0.25128,0.03159,8.614e-05,8.614e-05,8.614e-05
142,17532.4,0.32099,0.2631,0.04383,0.95874,0.88315,0.92763,0.83222,0.24061,0.24992,0.03053,8.6041e-05,8.6041e-05,8.6041e-05
143,17655.1,0.32561,0.26254,0.04466,0.95783,0.88227,0.92626,0.83236,0.2391,0.24889,0.03012,8.5942e-05,8.5942e-05,8.5942e-05
144,17779.3,0.32523,0.26241,0.04512,0.95838,0.88212,0.9258,0.83121,0.24103,0.24851,0.0304,8.5843e-05,8.5843e-05,8.5843e-05
145,17902,0.3235,0.26291,0.0456,0.95914,0.88512,0.9271,0.8329,0.23708,0.24829,0.02877,8.5744e-05,8.5744e-05,8.5744e-05
146,18024.3,0.32379,0.26116,0.04306,0.95633,0.8822,0.92605,0.83173,0.23887,0.2502,0.0287,8.5645e-05,8.5645e-05,8.5645e-05
147,18145.7,0.32398,0.26099,0.04425,0.95859,0.88197,0.92637,0.83317,0.23821,0.2494,0.02852,8.5546e-05,8.5546e-05,8.5546e-05
148,18269.1,0.31651,0.26378,0.04175,0.95581,0.88724,0.9274,0.83446,0.234,0.25015,0.02741,8.5447e-05,8.5447e-05,8.5447e-05
149,18391.5,0.32152,0.26419,0.04346,0.95566,0.88377,0.92574,0.83312,0.24251,0.24811,0.0308,8.5348e-05,8.5348e-05,8.5348e-05
150,18514.7,0.32562,0.26199,0.04518,0.95872,0.88523,0.92672,0.83187,0.24142,0.24983,0.03026,8.5249e-05,8.5249e-05,8.5249e-05
151,18636.4,0.32244,0.26371,0.04379,0.95797,0.88407,0.92667,0.83259,0.23907,0.25024,0.03067,8.515e-05,8.515e-05,8.515e-05
152,18761.6,0.32223,0.26004,0.04407,0.95473,0.88759,0.92712,0.83404,0.2378,0.25231,0.02995,8.5051e-05,8.5051e-05,8.5051e-05
153,18882.9,0.32766,0.26151,0.04681,0.95583,0.88723,0.92665,0.83402,0.23742,0.24938,0.02939,8.4952e-05,8.4952e-05,8.4952e-05
154,19007.3,0.32578,0.26179,0.04662,0.95616,0.88528,0.92609,0.83342,0.23964,0.25014,0.03015,8.4853e-05,8.4853e-05,8.4853e-05
155,19131.3,0.32197,0.26172,0.04534,0.95693,0.88481,0.9265,0.83362,0.23781,0.24935,0.02955,8.4754e-05,8.4754e-05,8.4754e-05
156,19253.1,0.32429,0.2611,0.04444,0.95586,0.88512,0.92613,0.83298,0.2385,0.24994,0.03046,8.4655e-05,8.4655e-05,8.4655e-05
157,19376.6,0.31949,0.26223,0.04476,0.95445,0.88531,0.92624,0.83442,0.2381,0.2475,0.03018,8.4556e-05,8.4556e-05,8.4556e-05
158,19498.6,0.32222,0.25985,0.04317,0.95669,0.88635,0.92625,0.83464,0.23744,0.24667,0.03017,8.4457e-05,8.4457e-05,8.4457e-05
159,19622.9,0.32771,0.26161,0.04557,0.95564,0.88876,0.92732,0.83663,0.23425,0.2464,0.03058,8.4358e-05,8.4358e-05,8.4358e-05
160,19746.3,0.31979,0.26167,0.04332,0.95599,0.88702,0.92699,0.83487,0.23549,0.25008,0.03018,8.4259e-05,8.4259e-05,8.4259e-05
161,19868.8,0.32585,0.26245,0.04436,0.95604,0.88769,0.92676,0.8338,0.23761,0.25005,0.03009,8.416e-05,8.416e-05,8.416e-05
162,19991.1,0.32388,0.26186,0.04428,0.95674,0.89111,0.92826,0.83569,0.23373,0.2492,0.02939,8.4061e-05,8.4061e-05,8.4061e-05
163,20112.9,0.31948,0.2619,0.04271,0.95686,0.8901,0.93139,0.83621,0.23258,0.24971,0.03049,8.3962e-05,8.3962e-05,8.3962e-05
164,20234.8,0.31683,0.26156,0.04096,0.95712,0.88697,0.928,0.83617,0.23441,0.24857,0.03028,8.3863e-05,8.3863e-05,8.3863e-05
165,20357.2,0.32159,0.26194,0.04398,0.95866,0.88578,0.92724,0.83525,0.23696,0.24792,0.03133,8.3764e-05,8.3764e-05,8.3764e-05
166,20478.6,0.31496,0.25937,0.04218,0.95794,0.88609,0.9268,0.8358,0.23724,0.24641,0.03197,8.3665e-05,8.3665e-05,8.3665e-05
167,20601.8,0.3182,0.26205,0.0438,0.9572,0.88518,0.92718,0.83688,0.23584,0.2472,0.03142,8.3566e-05,8.3566e-05,8.3566e-05
168,20724.1,0.3197,0.26075,0.04245,0.95713,0.88724,0.92774,0.8377,0.23439,0.24619,0.03016,8.3467e-05,8.3467e-05,8.3467e-05
169,20847.3,0.31983,0.26135,0.04401,0.9557,0.88518,0.92733,0.83593,0.23707,0.24834,0.03142,8.3368e-05,8.3368e-05,8.3368e-05
170,20968.8,0.32421,0.26227,0.0467,0.95703,0.88731,0.92764,0.83644,0.23683,0.24696,0.0308,8.3269e-05,8.3269e-05,8.3269e-05
171,21090.3,0.3139,0.26079,0.04267,0.95925,0.88535,0.92783,0.83765,0.23578,0.24621,0.03123,8.317e-05,8.317e-05,8.317e-05
172,21214.4,0.31632,0.26097,0.04192,0.9589,0.88559,0.928,0.83915,0.23463,0.24431,0.03099,8.3071e-05,8.3071e-05,8.3071e-05
173,21336.3,0.31035,0.26088,0.0402,0.95587,0.88712,0.92758,0.83801,0.23564,0.24504,0.03209,8.2972e-05,8.2972e-05,8.2972e-05
174,21458.4,0.31851,0.25963,0.04244,0.95665,0.8894,0.92831,0.83838,0.23302,0.24525,0.03165,8.2873e-05,8.2873e-05,8.2873e-05
175,21580,0.31805,0.26094,0.04321,0.9568,0.89061,0.92862,0.83806,0.23415,0.2456,0.02964,8.2774e-05,8.2774e-05,8.2774e-05
176,21701.9,0.31697,0.25824,0.04337,0.95408,0.89085,0.92798,0.83863,0.23351,0.24458,0.0313,8.2675e-05,8.2675e-05,8.2675e-05
177,21821.1,0.31851,0.25794,0.04465,0.95737,0.88801,0.92801,0.83872,0.2331,0.24611,0.03098,8.2576e-05,8.2576e-05,8.2576e-05
178,21942.2,0.31193,0.2589,0.04134,0.95628,0.89035,0.92813,0.83811,0.23463,0.24689,0.03073,8.2477e-05,8.2477e-05,8.2477e-05
179,22063.8,0.31456,0.26141,0.04394,0.95699,0.88896,0.92799,0.83893,0.23291,0.24565,0.03093,8.2378e-05,8.2378e-05,8.2378e-05
180,22186.2,0.3083,0.25915,0.04014,0.95869,0.88743,0.92744,0.83747,0.23577,0.24502,0.03239,8.2279e-05,8.2279e-05,8.2279e-05
181,22309.2,0.32127,0.25812,0.04346,0.95802,0.88737,0.92707,0.83759,0.23555,0.24412,0.03053,8.218e-05,8.218e-05,8.218e-05
182,22431.2,0.32038,0.25913,0.04424,0.95714,0.888,0.92762,0.83819,0.23483,0.24603,0.03016,8.2081e-05,8.2081e-05,8.2081e-05
183,22555.4,0.31319,0.26046,0.04213,0.95879,0.88718,0.92796,0.83859,0.23165,0.24733,0.02861,8.1982e-05,8.1982e-05,8.1982e-05
184,22676.2,0.30994,0.26094,0.04108,0.95894,0.88876,0.92829,0.83989,0.2309,0.24623,0.02864,8.1883e-05,8.1883e-05,8.1883e-05
185,22800.6,0.30934,0.25615,0.04232,0.95781,0.88908,0.92787,0.83945,0.23224,0.24465,0.02982,8.1784e-05,8.1784e-05,8.1784e-05
186,22923.8,0.30374,0.25911,0.04008,0.95914,0.88512,0.9267,0.83714,0.23746,0.24527,0.03164,8.1685e-05,8.1685e-05,8.1685e-05
187,23047.6,0.30767,0.26073,0.04207,0.95765,0.88423,0.92669,0.83669,0.23782,0.24647,0.03171,8.1586e-05,8.1586e-05,8.1586e-05
188,23171.5,0.30844,0.26054,0.04157,0.95772,0.88785,0.92825,0.83925,0.23446,0.24509,0.03009,8.1487e-05,8.1487e-05,8.1487e-05
189,23294.3,0.31104,0.25877,0.04135,0.95722,0.88842,0.92686,0.83776,0.23499,0.24427,0.03196,8.1388e-05,8.1388e-05,8.1388e-05
190,23417.7,0.30786,0.25944,0.04225,0.95514,0.8908,0.92752,0.83871,0.23269,0.24489,0.03039,8.1289e-05,8.1289e-05,8.1289e-05
191,23537.5,0.30503,0.26206,0.04245,0.95573,0.89257,0.93073,0.84035,0.23049,0.24571,0.0314,8.119e-05,8.119e-05,8.119e-05
192,23660.3,0.30952,0.26087,0.04177,0.95709,0.89755,0.93373,0.84292,0.2252,0.24647,0.02974,8.1091e-05,8.1091e-05,8.1091e-05
193,23784,0.314,0.2601,0.04177,0.95487,0.89173,0.93118,0.83964,0.22906,0.24733,0.02974,8.0992e-05,8.0992e-05,8.0992e-05
194,23905.5,0.30709,0.25853,0.04202,0.95588,0.89188,0.93078,0.84007,0.22799,0.24783,0.03006,8.0893e-05,8.0893e-05,8.0893e-05
195,24027.2,0.30567,0.25761,0.04127,0.95517,0.89318,0.93126,0.84084,0.22784,0.24646,0.02953,8.0794e-05,8.0794e-05,8.0794e-05
196,24148.4,0.30903,0.25792,0.04188,0.95515,0.89148,0.92812,0.84028,0.23077,0.24567,0.03145,8.0695e-05,8.0695e-05,8.0695e-05
197,24268.8,0.30067,0.26107,0.03855,0.95474,0.89047,0.92769,0.83981,0.23205,0.2453,0.03118,8.0596e-05,8.0596e-05,8.0596e-05
198,24390.5,0.30104,0.25732,0.0401,0.95671,0.89134,0.92866,0.84106,0.22883,0.24482,0.03034,8.0497e-05,8.0497e-05,8.0497e-05
199,24511,0.30708,0.25868,0.04121,0.95556,0.89181,0.92858,0.84105,0.2299,0.24462,0.03,8.0398e-05,8.0398e-05,8.0398e-05
200,24634.4,0.3067,0.25472,0.04217,0.95864,0.8893,0.9285,0.84139,0.22835,0.2449,0.0293,8.0299e-05,8.0299e-05,8.0299e-05
201,24756.4,0.30108,0.25778,0.03996,0.9555,0.89222,0.93185,0.84223,0.22799,0.24461,0.03004,8.02e-05,8.02e-05,8.02e-05
202,24875.1,0.29834,0.25811,0.03912,0.95667,0.89232,0.93158,0.84268,0.22893,0.24385,0.02959,8.0101e-05,8.0101e-05,8.0101e-05
203,24997.7,0.30074,0.25952,0.03984,0.95965,0.89204,0.93228,0.84333,0.22522,0.24454,0.02818,8.0002e-05,8.0002e-05,8.0002e-05
204,25121.5,0.29308,0.25719,0.03738,0.95562,0.89516,0.93274,0.84358,0.22532,0.2459,0.02954,7.9903e-05,7.9903e-05,7.9903e-05
205,25242.1,0.29494,0.25761,0.03847,0.95843,0.89555,0.93381,0.84506,0.22265,0.24511,0.02933,7.9804e-05,7.9804e-05,7.9804e-05
206,25360.8,0.30833,0.25579,0.04259,0.95591,0.89584,0.93324,0.84449,0.22245,0.24444,0.02787,7.9705e-05,7.9705e-05,7.9705e-05
207,25480.8,0.30122,0.25488,0.04124,0.95631,0.89527,0.93283,0.8444,0.2228,0.2434,0.02808,7.9606e-05,7.9606e-05,7.9606e-05
208,25602.7,0.29602,0.25483,0.03915,0.95824,0.89429,0.93294,0.84484,0.22309,0.24347,0.02763,7.9507e-05,7.9507e-05,7.9507e-05
209,25723.9,0.29382,0.25508,0.0376,0.95809,0.89587,0.93348,0.84587,0.22036,0.244,0.02737,7.9408e-05,7.9408e-05,7.9408e-05
210,25846,0.2946,0.257,0.03825,0.95695,0.89797,0.93362,0.84555,0.22145,0.24415,0.02745,7.9309e-05,7.9309e-05,7.9309e-05
211,25968.1,0.29594,0.25583,0.03845,0.95722,0.89575,0.93294,0.84498,0.22273,0.24433,0.02873,7.921e-05,7.921e-05,7.921e-05
212,26089.2,0.30213,0.25931,0.0417,0.95773,0.89729,0.93394,0.84532,0.22277,0.24506,0.02854,7.9111e-05,7.9111e-05,7.9111e-05
213,26213.7,0.29527,0.25582,0.03791,0.95698,0.89527,0.93339,0.84571,0.22307,0.24384,0.02914,7.9012e-05,7.9012e-05,7.9012e-05
214,26335.8,0.29455,0.25698,0.0386,0.95732,0.89679,0.9334,0.8454,0.22298,0.24381,0.03005,7.8913e-05,7.8913e-05,7.8913e-05
215,26458.6,0.29829,0.25603,0.04113,0.95787,0.89343,0.93031,0.84318,0.22794,0.24341,0.03091,7.8814e-05,7.8814e-05,7.8814e-05
216,26584.5,0.29987,0.25282,0.04071,0.95693,0.89541,0.93177,0.84329,0.22695,0.24296,0.03174,7.8715e-05,7.8715e-05,7.8715e-05
217,26706.6,0.2972,0.2552,0.03943,0.95552,0.89586,0.93233,0.844,0.22477,0.24356,0.03024,7.8616e-05,7.8616e-05,7.8616e-05
218,26828,0.29499,0.25513,0.03956,0.9555,0.8967,0.93223,0.84389,0.22353,0.24355,0.02995,7.8517e-05,7.8517e-05,7.8517e-05
219,26950.9,0.29445,0.25701,0.03721,0.95389,0.89692,0.93242,0.84452,0.22278,0.24356,0.0291,7.8418e-05,7.8418e-05,7.8418e-05
220,27071,0.29305,0.25582,0.03996,0.95481,0.89726,0.93265,0.84508,0.22235,0.24392,0.02895,7.8319e-05,7.8319e-05,7.8319e-05
221,27193.3,0.29709,0.25565,0.04136,0.95533,0.8979,0.93319,0.84527,0.22159,0.24346,0.02858,7.822e-05,7.822e-05,7.822e-05
222,27315.9,0.28924,0.25404,0.03859,0.95564,0.8974,0.93337,0.84578,0.2214,0.24406,0.02843,7.8121e-05,7.8121e-05,7.8121e-05
223,27437.7,0.30157,0.25368,0.04052,0.95609,0.89694,0.93385,0.84687,0.21932,0.24302,0.0275,7.8022e-05,7.8022e-05,7.8022e-05
224,27562.2,0.29916,0.25475,0.04025,0.9549,0.89897,0.93416,0.84702,0.21807,0.24339,0.02802,7.7923e-05,7.7923e-05,7.7923e-05
225,27687,0.29946,0.25464,0.04047,0.95627,0.8974,0.93411,0.84688,0.21874,0.24335,0.02785,7.7824e-05,7.7824e-05,7.7824e-05
226,27807.8,0.29704,0.25678,0.03942,0.95697,0.89768,0.93413,0.84691,0.2179,0.24396,0.02764,7.7725e-05,7.7725e-05,7.7725e-05
227,27929.4,0.29546,0.25638,0.03902,0.95706,0.89829,0.934,0.84729,0.21791,0.24334,0.02778,7.7626e-05,7.7626e-05,7.7626e-05
228,28051.7,0.2926,0.25406,0.03889,0.95579,0.89959,0.93414,0.84755,0.21711,0.24282,0.02807,7.7527e-05,7.7527e-05,7.7527e-05
229,28172.7,0.28762,0.25225,0.03783,0.95615,0.89887,0.93386,0.84748,0.21741,0.2425,0.02835,7.7428e-05,7.7428e-05,7.7428e-05
230,28295,0.28717,0.25467,0.03746,0.95625,0.8968,0.93365,0.84729,0.21934,0.24282,0.02826,7.7329e-05,7.7329e-05,7.7329e-05
231,28415.4,0.29222,0.25445,0.03904,0.9561,0.89571,0.93335,0.84768,0.21982,0.24307,0.02853,7.723e-05,7.723e-05,7.723e-05
232,28537.5,0.29439,0.25394,0.03851,0.95612,0.89587,0.93345,0.84785,0.21911,0.24276,0.02841,7.7131e-05,7.7131e-05,7.7131e-05
233,28657.2,0.29568,0.2531,0.03942,0.95602,0.89752,0.93357,0.8478,0.21853,0.24284,0.02814,7.7032e-05,7.7032e-05,7.7032e-05
234,28780,0.28772,0.25422,0.03811,0.95513,0.8984,0.9338,0.84834,0.2181,0.24309,0.02782,7.6933e-05,7.6933e-05,7.6933e-05
235,28902,0.29073,0.25578,0.03786,0.95722,0.89772,0.93396,0.84849,0.21803,0.24274,0.0279,7.6834e-05,7.6834e-05,7.6834e-05
236,29024.1,0.28771,0.25445,0.03744,0.95555,0.89715,0.93311,0.84791,0.2198,0.2422,0.02798,7.6735e-05,7.6735e-05,7.6735e-05
237,29146.4,0.28639,0.25324,0.03714,0.95469,0.89661,0.93283,0.84692,0.22169,0.24212,0.02891,7.6636e-05,7.6636e-05,7.6636e-05
238,29268,0.28346,0.25446,0.03729,0.95536,0.89721,0.93314,0.84799,0.21975,0.242,0.02826,7.6537e-05,7.6537e-05,7.6537e-05
239,29388.9,0.28585,0.25252,0.03789,0.95503,0.89956,0.93353,0.84767,0.21846,0.24164,0.02792,7.6438e-05,7.6438e-05,7.6438e-05
240,29514.3,0.28796,0.25032,0.03857,0.95634,0.89892,0.93342,0.8478,0.21902,0.24157,0.02771,7.6339e-05,7.6339e-05,7.6339e-05
241,29634.5,0.28074,0.25206,0.0363,0.95615,0.89883,0.93361,0.84802,0.21786,0.24133,0.02837,7.624e-05,7.624e-05,7.624e-05
242,29757.3,0.29029,0.2519,0.03906,0.95554,0.89902,0.93388,0.84918,0.21617,0.24166,0.02714,7.6141e-05,7.6141e-05,7.6141e-05
243,29877.7,0.28723,0.25207,0.03876,0.95686,0.89892,0.93351,0.84867,0.21772,0.24138,0.02831,7.6042e-05,7.6042e-05,7.6042e-05
244,29999.8,0.29136,0.25221,0.03915,0.95606,0.89946,0.93378,0.84911,0.21702,0.24156,0.02794,7.5943e-05,7.5943e-05,7.5943e-05
245,30123.2,0.28864,0.25318,0.03816,0.95702,0.89848,0.93368,0.84898,0.21762,0.24086,0.0285,7.5844e-05,7.5844e-05,7.5844e-05
246,30245.6,0.28839,0.25255,0.03824,0.95687,0.89705,0.93319,0.84809,0.2203,0.24073,0.0297,7.5745e-05,7.5745e-05,7.5745e-05
247,30368.5,0.28989,0.25623,0.03975,0.95779,0.89629,0.93241,0.8482,0.21897,0.24056,0.02886,7.5646e-05,7.5646e-05,7.5646e-05
248,30490.9,0.28837,0.25242,0.03758,0.95838,0.89635,0.93308,0.84905,0.21819,0.24032,0.02922,7.5547e-05,7.5547e-05,7.5547e-05
249,30610.5,0.28444,0.25372,0.03771,0.95669,0.89778,0.93351,0.84918,0.21869,0.2403,0.02952,7.5448e-05,7.5448e-05,7.5448e-05
250,30730.3,0.28474,0.25139,0.03698,0.95697,0.89908,0.93383,0.84973,0.21653,0.24021,0.02885,7.5349e-05,7.5349e-05,7.5349e-05
251,30850.9,0.27974,0.25198,0.03585,0.95582,0.89944,0.93389,0.8499,0.21587,0.23933,0.02829,7.525e-05,7.525e-05,7.525e-05
252,30973,0.27881,0.25031,0.0363,0.95632,0.89905,0.93392,0.85019,0.21487,0.23976,0.02738,7.5151e-05,7.5151e-05,7.5151e-05
253,31095.6,0.28483,0.24992,0.03712,0.95578,0.89932,0.93395,0.85053,0.21524,0.23933,0.02825,7.5052e-05,7.5052e-05,7.5052e-05
254,31218,0.28267,0.25204,0.03859,0.95709,0.89892,0.9344,0.85105,0.21644,0.2379,0.0288,7.4953e-05,7.4953e-05,7.4953e-05
255,31339.8,0.28256,0.25166,0.03643,0.9571,0.90095,0.93482,0.85141,0.21449,0.23883,0.02841,7.4854e-05,7.4854e-05,7.4854e-05
256,31461.3,0.27929,0.24999,0.036,0.95652,0.90125,0.93512,0.8515,0.21408,0.23867,0.02846,7.4755e-05,7.4755e-05,7.4755e-05
257,31581.4,0.27878,0.2542,0.03698,0.95725,0.90149,0.93516,0.8525,0.21253,0.23888,0.02761,7.4656e-05,7.4656e-05,7.4656e-05
258,31704.4,0.28238,0.25315,0.03637,0.95751,0.90063,0.93544,0.85218,0.21171,0.23998,0.02687,7.4557e-05,7.4557e-05,7.4557e-05
259,31827.3,0.28365,0.251,0.03774,0.95794,0.89986,0.93516,0.85173,0.21299,0.23934,0.02714,7.4458e-05,7.4458e-05,7.4458e-05
260,31949.6,0.27985,0.24966,0.03758,0.95871,0.90121,0.93579,0.85256,0.21249,0.23843,0.0276,7.4359e-05,7.4359e-05,7.4359e-05
261,32072.1,0.2825,0.25044,0.03635,0.95691,0.90035,0.93503,0.8515,0.21425,0.23772,0.02754,7.426e-05,7.426e-05,7.426e-05
262,32192.9,0.2781,0.2513,0.03587,0.95665,0.90092,0.93539,0.85241,0.2133,0.23813,0.0282,7.4161e-05,7.4161e-05,7.4161e-05
263,32312.7,0.2757,0.24993,0.0352,0.95996,0.89853,0.93556,0.8522,0.21325,0.23864,0.02806,7.4062e-05,7.4062e-05,7.4062e-05
264,32434.5,0.2805,0.25094,0.03752,0.958,0.9001,0.93568,0.85281,0.21262,0.23887,0.02798,7.3963e-05,7.3963e-05,7.3963e-05
265,32556,0.28383,0.25027,0.0379,0.95686,0.90168,0.93561,0.8528,0.21236,0.23865,0.02794,7.3864e-05,7.3864e-05,7.3864e-05
266,32675.1,0.27517,0.24974,0.03516,0.95644,0.90172,0.93538,0.85293,0.21219,0.23883,0.02797,7.3765e-05,7.3765e-05,7.3765e-05
267,32797.3,0.27861,0.25128,0.03685,0.95852,0.90095,0.93546,0.85312,0.21165,0.23834,0.02793,7.3666e-05,7.3666e-05,7.3666e-05
268,32919.9,0.28306,0.25033,0.03924,0.95718,0.90197,0.93527,0.85337,0.21171,0.23778,0.02753,7.3567e-05,7.3567e-05,7.3567e-05
269,33042.8,0.27987,0.25071,0.03507,0.95715,0.90169,0.93536,0.85339,0.21064,0.23909,0.0275,7.3468e-05,7.3468e-05,7.3468e-05
270,33166.2,0.27378,0.24995,0.03507,0.95786,0.90244,0.93575,0.85406,0.2099,0.23858,0.02728,7.3369e-05,7.3369e-05,7.3369e-05
271,33288.6,0.28102,0.24937,0.03761,0.95779,0.90228,0.93579,0.85441,0.20981,0.23773,0.02724,7.327e-05,7.327e-05,7.327e-05
272,33411.8,0.28039,0.25201,0.03491,0.95736,0.90062,0.93527,0.85382,0.21042,0.23849,0.02751,7.3171e-05,7.3171e-05,7.3171e-05
273,33531.1,0.27405,0.24993,0.03436,0.95669,0.90178,0.93515,0.85377,0.21061,0.23864,0.0276,7.3072e-05,7.3072e-05,7.3072e-05
274,33652.8,0.27064,0.24944,0.03399,0.95661,0.90216,0.93458,0.85294,0.21118,0.2386,0.02741,7.2973e-05,7.2973e-05,7.2973e-05
275,33777,0.27304,0.24856,0.03519,0.95661,0.90178,0.93488,0.85343,0.20973,0.23935,0.02653,7.2874e-05,7.2874e-05,7.2874e-05
276,33899.9,0.27524,0.24967,0.03607,0.95614,0.90156,0.93462,0.85351,0.20948,0.23939,0.02649,7.2775e-05,7.2775e-05,7.2775e-05
277,34021.2,0.27671,0.24856,0.03761,0.95571,0.90397,0.93515,0.85396,0.209,0.23955,0.02705,7.2676e-05,7.2676e-05,7.2676e-05
278,34143.2,0.27369,0.24886,0.03545,0.95686,0.90222,0.93515,0.85397,0.20954,0.23937,0.02757,7.2577e-05,7.2577e-05,7.2577e-05
279,34265.8,0.27586,0.25065,0.03587,0.9566,0.90314,0.93543,0.85411,0.20866,0.23972,0.02713,7.2478e-05,7.2478e-05,7.2478e-05
280,34388.9,0.27642,0.24946,0.03555,0.95643,0.90366,0.93545,0.85408,0.20922,0.23984,0.02757,7.2379e-05,7.2379e-05,7.2379e-05
281,34511.5,0.27011,0.24854,0.03539,0.95666,0.9019,0.93509,0.85396,0.20957,0.23921,0.02762,7.228e-05,7.228e-05,7.228e-05
282,34632.3,0.28211,0.24867,0.03778,0.9566,0.90229,0.93528,0.85472,0.20983,0.23864,0.02733,7.2181e-05,7.2181e-05,7.2181e-05
283,34754.9,0.26947,0.2482,0.0351,0.95635,0.90143,0.93513,0.85467,0.20934,0.23832,0.02763,7.2082e-05,7.2082e-05,7.2082e-05
284,34878.8,0.27061,0.24804,0.03326,0.9569,0.90184,0.93495,0.85479,0.20971,0.23751,0.02731,7.1983e-05,7.1983e-05,7.1983e-05
285,35001.4,0.27495,0.24918,0.0364,0.95692,0.90133,0.93519,0.85457,0.20941,0.23809,0.02819,7.1884e-05,7.1884e-05,7.1884e-05
286,35120.2,0.27512,0.24949,0.03565,0.95767,0.90257,0.93523,0.85452,0.21064,0.23787,0.02904,7.1785e-05,7.1785e-05,7.1785e-05
287,35242.4,0.27271,0.24742,0.03652,0.95802,0.90194,0.9349,0.85476,0.20884,0.23806,0.02806,7.1686e-05,7.1686e-05,7.1686e-05
288,35363.3,0.27288,0.24867,0.03537,0.95732,0.90337,0.93517,0.85508,0.20857,0.23778,0.02782,7.1587e-05,7.1587e-05,7.1587e-05
289,35486,0.26999,0.24875,0.03588,0.95824,0.90084,0.93483,0.8549,0.21016,0.23713,0.02769,7.1488e-05,7.1488e-05,7.1488e-05
290,35609.4,0.27574,0.24861,0.0359,0.95759,0.90054,0.93474,0.85429,0.20912,0.23773,0.0269,7.1389e-05,7.1389e-05,7.1389e-05
291,35732.8,0.26967,0.24829,0.0332,0.95766,0.90081,0.9347,0.8541,0.21038,0.23701,0.02712,7.129e-05,7.129e-05,7.129e-05
292,35854.9,0.27257,0.24575,0.03766,0.95811,0.90072,0.9348,0.85458,0.21067,0.23681,0.02727,7.1191e-05,7.1191e-05,7.1191e-05
293,35978.2,0.26655,0.24582,0.03416,0.95879,0.90083,0.93485,0.85497,0.21051,0.23665,0.02689,7.1092e-05,7.1092e-05,7.1092e-05
294,36098.4,0.27476,0.24951,0.03541,0.95813,0.90162,0.93495,0.85526,0.20957,0.23675,0.0271,7.0993e-05,7.0993e-05,7.0993e-05
295,36219.8,0.26668,0.24951,0.03295,0.95936,0.90042,0.93539,0.85612,0.20863,0.23674,0.02636,7.0894e-05,7.0894e-05,7.0894e-05
296,36339.9,0.28,0.25086,0.03706,0.95881,0.9006,0.93495,0.85592,0.2095,0.23592,0.02654,7.0795e-05,7.0795e-05,7.0795e-05
297,36460,0.26914,0.24813,0.03441,0.95861,0.90076,0.93513,0.85582,0.20949,0.23628,0.02676,7.0696e-05,7.0696e-05,7.0696e-05
298,36581.2,0.27036,0.249,0.03455,0.95749,0.9034,0.93568,0.85614,0.2078,0.23681,0.02704,7.0597e-05,7.0597e-05,7.0597e-05
299,36704.7,0.26313,0.24754,0.03317,0.95803,0.90219,0.93533,0.85601,0.2088,0.23647,0.02779,7.0498e-05,7.0498e-05,7.0498e-05
300,36828.2,0.27254,0.24586,0.03592,0.9577,0.90298,0.93538,0.85601,0.20877,0.23653,0.028,7.0399e-05,7.0399e-05,7.0399e-05
301,36950.8,0.27216,0.24942,0.03483,0.95712,0.90359,0.93574,0.85645,0.20725,0.23709,0.02778,7.03e-05,7.03e-05,7.03e-05
302,37070.9,0.26812,0.25093,0.03493,0.95842,0.90178,0.93532,0.85572,0.20896,0.23657,0.02795,7.0201e-05,7.0201e-05,7.0201e-05
303,37191.2,0.27081,0.24855,0.03449,0.95659,0.90225,0.93521,0.8554,0.20928,0.23728,0.02705,7.0102e-05,7.0102e-05,7.0102e-05
304,37313.2,0.27508,0.24765,0.03567,0.95592,0.90306,0.93518,0.85569,0.20825,0.23736,0.02679,7.0003e-05,7.0003e-05,7.0003e-05
305,37435.9,0.27027,0.24748,0.03471,0.95629,0.90378,0.93551,0.85605,0.20705,0.23752,0.02687,6.9904e-05,6.9904e-05,6.9904e-05
306,37556.8,0.2696,0.24902,0.03388,0.95727,0.90362,0.93589,0.85632,0.20566,0.23756,0.02643,6.9805e-05,6.9805e-05,6.9805e-05
307,37677.9,0.2676,0.2478,0.03454,0.95681,0.90419,0.93571,0.85636,0.20624,0.23766,0.02674,6.9706e-05,6.9706e-05,6.9706e-05
308,37800.4,0.26753,0.24742,0.03462,0.95695,0.90447,0.93592,0.8566,0.2065,0.23752,0.02673,6.9607e-05,6.9607e-05,6.9607e-05
309,37920.4,0.2664,0.24778,0.03442,0.9582,0.90308,0.93574,0.85673,0.20531,0.23754,0.0266,6.9508e-05,6.9508e-05,6.9508e-05
310,38041.4,0.26003,0.24461,0.03373,0.95854,0.90462,0.93585,0.857,0.2052,0.23716,0.02623,6.9409e-05,6.9409e-05,6.9409e-05
311,38164.7,0.2749,0.24489,0.03605,0.95791,0.90564,0.93864,0.85788,0.20429,0.23738,0.02634,6.931e-05,6.931e-05,6.931e-05
312,38285.9,0.26592,0.2489,0.03303,0.95846,0.90505,0.93864,0.85797,0.20421,0.23734,0.02648,6.9211e-05,6.9211e-05,6.9211e-05
313,38408.7,0.26868,0.24638,0.0344,0.95801,0.90435,0.93597,0.85728,0.20484,0.23704,0.02577,6.9112e-05,6.9112e-05,6.9112e-05
314,38529.6,0.26281,0.24957,0.03293,0.95887,0.90559,0.9388,0.85821,0.20312,0.2377,0.02527,6.9013e-05,6.9013e-05,6.9013e-05
315,38651.9,0.27226,0.25053,0.0355,0.95674,0.90771,0.9395,0.85862,0.20264,0.23795,0.0253,6.8914e-05,6.8914e-05,6.8914e-05
316,38772.8,0.26613,0.24928,0.03527,0.95837,0.90748,0.93989,0.85875,0.20191,0.23854,0.02511,6.8815e-05,6.8815e-05,6.8815e-05
317,38896.1,0.27461,0.24866,0.03732,0.95909,0.90682,0.93935,0.85857,0.20267,0.23804,0.02519,6.8716e-05,6.8716e-05,6.8716e-05
318,39016.6,0.2683,0.24828,0.03516,0.95874,0.90708,0.93942,0.85862,0.20201,0.23803,0.02577,6.8617e-05,6.8617e-05,6.8617e-05
319,39140.3,0.26928,0.24649,0.03576,0.9594,0.90664,0.93973,0.85894,0.2011,0.23808,0.02544,6.8518e-05,6.8518e-05,6.8518e-05
320,39261.5,0.26421,0.24652,0.03254,0.95628,0.90844,0.94018,0.85932,0.20136,0.23772,0.02584,6.8419e-05,6.8419e-05,6.8419e-05
321,39384.5,0.26786,0.24501,0.03439,0.95499,0.90965,0.93974,0.85883,0.20131,0.23776,0.02613,6.832e-05,6.832e-05,6.832e-05
322,39504.9,0.26268,0.24724,0.03328,0.9571,0.90848,0.93985,0.85885,0.20048,0.23782,0.02571,6.8221e-05,6.8221e-05,6.8221e-05
323,39627,0.26322,0.24558,0.03408,0.95705,0.90867,0.93968,0.85898,0.20122,0.23737,0.02598,6.8122e-05,6.8122e-05,6.8122e-05
324,39747.3,0.26198,0.24596,0.03344,0.9584,0.90669,0.93974,0.85908,0.20149,0.23715,0.02612,6.8023e-05,6.8023e-05,6.8023e-05
325,39867.6,0.26897,0.246,0.03504,0.95734,0.90733,0.93927,0.85925,0.20203,0.23697,0.02611,6.7924e-05,6.7924e-05,6.7924e-05
326,39989.9,0.27191,0.24628,0.03649,0.95754,0.908,0.93977,0.85906,0.20223,0.23716,0.02638,6.7825e-05,6.7825e-05,6.7825e-05
327,40108.4,0.27222,0.24686,0.03647,0.95781,0.90712,0.93928,0.85925,0.20197,0.23666,0.02648,6.7726e-05,6.7726e-05,6.7726e-05
328,40228,0.26682,0.24537,0.03494,0.95714,0.9071,0.93958,0.85942,0.20115,0.2366,0.02597,6.7627e-05,6.7627e-05,6.7627e-05
329,40349.5,0.26718,0.2447,0.03439,0.95846,0.90666,0.93979,0.85977,0.20022,0.23698,0.02582,6.7528e-05,6.7528e-05,6.7528e-05
330,40468.6,0.27162,0.24732,0.03565,0.95649,0.90762,0.93921,0.85969,0.20002,0.23708,0.02556,6.7429e-05,6.7429e-05,6.7429e-05
331,40589.5,0.26239,0.2454,0.03371,0.95755,0.90739,0.93947,0.85975,0.20032,0.23693,0.02583,6.733e-05,6.733e-05,6.733e-05
332,40712.5,0.2652,0.24571,0.03384,0.95692,0.90858,0.94011,0.85994,0.20002,0.23731,0.02594,6.7231e-05,6.7231e-05,6.7231e-05
333,40836.6,0.2625,0.24499,0.0335,0.95794,0.90702,0.93972,0.85967,0.20108,0.23653,0.02613,6.7132e-05,6.7132e-05,6.7132e-05
334,40958,0.25927,0.24871,0.03291,0.95786,0.90679,0.94004,0.85991,0.2004,0.23707,0.02601,6.7033e-05,6.7033e-05,6.7033e-05
335,41080.6,0.26911,0.24723,0.03452,0.95714,0.90635,0.93974,0.85956,0.20026,0.23713,0.02568,6.6934e-05,6.6934e-05,6.6934e-05
336,41202.4,0.26099,0.24471,0.0333,0.95735,0.90549,0.93944,0.85931,0.20154,0.23686,0.02599,6.6835e-05,6.6835e-05,6.6835e-05
337,41324.8,0.26029,0.24576,0.03303,0.95728,0.90596,0.93896,0.85926,0.20138,0.23678,0.02649,6.6736e-05,6.6736e-05,6.6736e-05
338,41443.1,0.25692,0.24562,0.0315,0.9566,0.90717,0.93888,0.85933,0.20235,0.23638,0.02645,6.6637e-05,6.6637e-05,6.6637e-05
339,41565.7,0.26524,0.245,0.03474,0.95698,0.90653,0.93935,0.85937,0.20191,0.23664,0.02605,6.6538e-05,6.6538e-05,6.6538e-05
340,41689,0.26101,0.24443,0.03232,0.95778,0.9047,0.93878,0.85919,0.20243,0.23645,0.02585,6.6439e-05,6.6439e-05,6.6439e-05
341,41809.4,0.26032,0.24647,0.03369,0.95719,0.90571,0.93887,0.85955,0.2017,0.23659,0.026,6.634e-05,6.634e-05,6.634e-05
342,41930.9,0.26318,0.24465,0.03469,0.95728,0.90543,0.93964,0.85972,0.20161,0.2367,0.02608,6.6241e-05,6.6241e-05,6.6241e-05
343,42051.2,0.26232,0.24502,0.03381,0.95899,0.904,0.93913,0.86003,0.20176,0.23638,0.02602,6.6142e-05,6.6142e-05,6.6142e-05
344,42173.7,0.26003,0.24543,0.03306,0.95831,0.90552,0.94008,0.86032,0.20008,0.2365,0.02552,6.6043e-05,6.6043e-05,6.6043e-05
345,42296.6,0.26595,0.24315,0.034,0.96047,0.90438,0.93975,0.86058,0.20003,0.23661,0.02572,6.5944e-05,6.5944e-05,6.5944e-05
346,42418.3,0.26496,0.2439,0.03503,0.95887,0.90555,0.93993,0.86049,0.2001,0.23635,0.02608,6.5845e-05,6.5845e-05,6.5845e-05
347,42541.4,0.25678,0.24079,0.0315,0.95771,0.90552,0.93953,0.86047,0.20044,0.236,0.02614,6.5746e-05,6.5746e-05,6.5746e-05
348,42664.5,0.26262,0.24395,0.03439,0.9581,0.90493,0.9391,0.86019,0.20083,0.23604,0.02629,6.5647e-05,6.5647e-05,6.5647e-05
349,42787,0.2637,0.24404,0.03472,0.9573,0.90501,0.93905,0.86038,0.20156,0.23569,0.02659,6.5548e-05,6.5548e-05,6.5548e-05
350,42909.6,0.25682,0.24411,0.03171,0.95757,0.90555,0.93946,0.86046,0.20138,0.23577,0.02639,6.5449e-05,6.5449e-05,6.5449e-05
351,43032.2,0.25551,0.24451,0.03249,0.95793,0.9048,0.93839,0.86028,0.20135,0.23567,0.02632,6.535e-05,6.535e-05,6.535e-05
352,43155.6,0.25974,0.24572,0.03474,0.95929,0.90454,0.93771,0.86024,0.20152,0.23563,0.02642,6.5251e-05,6.5251e-05,6.5251e-05
353,43275.8,0.25948,0.24345,0.03415,0.95777,0.90536,0.93866,0.8601,0.20096,0.23585,0.02623,6.5152e-05,6.5152e-05,6.5152e-05
354,43397.6,0.25828,0.24529,0.03434,0.95877,0.90483,0.93895,0.86039,0.20142,0.23574,0.02673,6.5053e-05,6.5053e-05,6.5053e-05
355,43519.6,0.26661,0.24324,0.03476,0.96022,0.90315,0.93639,0.85973,0.20245,0.2355,0.02683,6.4954e-05,6.4954e-05,6.4954e-05
356,43641.6,0.25715,0.24539,0.03192,0.95953,0.90298,0.93636,0.85958,0.20257,0.23554,0.02727,6.4855e-05,6.4855e-05,6.4855e-05
357,43761.3,0.25879,0.2477,0.03266,0.95821,0.90409,0.93641,0.85939,0.20262,0.23578,0.02736,6.4756e-05,6.4756e-05,6.4756e-05
358,43883.6,0.25987,0.24386,0.03215,0.95854,0.90432,0.93625,0.85966,0.20249,0.23579,0.02701,6.4657e-05,6.4657e-05,6.4657e-05
359,44004,0.25416,0.24443,0.03128,0.95945,0.90334,0.93636,0.85969,0.20275,0.23563,0.02739,6.4558e-05,6.4558e-05,6.4558e-05
360,44123.7,0.25534,0.24307,0.03094,0.95855,0.90362,0.9362,0.85941,0.20305,0.23535,0.02739,6.4459e-05,6.4459e-05,6.4459e-05
361,44243.7,0.26019,0.24558,0.03313,0.95912,0.90404,0.93645,0.8597,0.20199,0.23535,0.02714,6.436e-05,6.436e-05,6.436e-05
362,44366.8,0.2617,0.24411,0.03352,0.95856,0.90419,0.93634,0.85997,0.20207,0.23514,0.02722,6.4261e-05,6.4261e-05,6.4261e-05
363,44490.6,0.25541,0.24177,0.03473,0.95765,0.90555,0.93831,0.8606,0.20119,0.23483,0.02684,6.4162e-05,6.4162e-05,6.4162e-05
364,44611.6,0.26181,0.24282,0.03506,0.96013,0.90335,0.93823,0.86092,0.20112,0.23496,0.02694,6.4063e-05,6.4063e-05,6.4063e-05
365,44734,0.25534,0.24261,0.03238,0.95818,0.9052,0.93892,0.86121,0.20049,0.235,0.02663,6.3964e-05,6.3964e-05,6.3964e-05
366,44852.9,0.25278,0.24282,0.03098,0.95943,0.90362,0.93848,0.86109,0.20065,0.23474,0.02611,6.3865e-05,6.3865e-05,6.3865e-05
367,44973.7,0.25003,0.24688,0.02977,0.9592,0.90429,0.93983,0.86149,0.19982,0.23476,0.02627,6.3766e-05,6.3766e-05,6.3766e-05
368,45095.6,0.25361,0.24222,0.03284,0.95846,0.9059,0.93944,0.86181,0.19915,0.23496,0.02591,6.3667e-05,6.3667e-05,6.3667e-05
369,45217.2,0.25796,0.24258,0.03311,0.95884,0.90492,0.93925,0.86181,0.19886,0.23491,0.02589,6.3568e-05,6.3568e-05,6.3568e-05
370,45337,0.25549,0.24376,0.0322,0.95858,0.906,0.93974,0.86197,0.19855,0.23475,0.02585,6.3469e-05,6.3469e-05,6.3469e-05
371,45458.9,0.25462,0.2409,0.03281,0.95921,0.90413,0.93875,0.86155,0.19931,0.23455,0.02603,6.337e-05,6.337e-05,6.337e-05
372,45582.5,0.25429,0.24137,0.03195,0.95903,0.90501,0.93898,0.86158,0.19877,0.23425,0.02563,6.3271e-05,6.3271e-05,6.3271e-05
373,45703.3,0.25902,0.24197,0.03361,0.95965,0.90434,0.93931,0.86184,0.1989,0.23426,0.02573,6.3172e-05,6.3172e-05,6.3172e-05
374,45828.1,0.24773,0.24115,0.03031,0.96001,0.90509,0.93987,0.86207,0.19912,0.2341,0.02627,6.3073e-05,6.3073e-05,6.3073e-05
375,45952.1,0.25978,0.24054,0.03316,0.95983,0.90552,0.93981,0.8622,0.19941,0.2339,0.02617,6.2974e-05,6.2974e-05,6.2974e-05
376,46072.5,0.25445,0.24177,0.03263,0.96064,0.90498,0.94006,0.86237,0.19836,0.23395,0.02571,6.2875e-05,6.2875e-05,6.2875e-05
377,46191.9,0.25472,0.24321,0.03176,0.96011,0.90603,0.94027,0.86253,0.19757,0.23401,0.02576,6.2776e-05,6.2776e-05,6.2776e-05
378,46314.2,0.25074,0.24286,0.03048,0.95835,0.9072,0.94045,0.86265,0.19715,0.23432,0.0258,6.2677e-05,6.2677e-05,6.2677e-05
379,46437.2,0.25686,0.24371,0.03242,0.96,0.90505,0.93979,0.86238,0.1979,0.23412,0.02577,6.2578e-05,6.2578e-05,6.2578e-05
380,46560.9,0.25111,0.24226,0.0309,0.95866,0.90586,0.93987,0.86238,0.19794,0.23444,0.02579,6.2479e-05,6.2479e-05,6.2479e-05
381,46684.8,0.24682,0.24144,0.03032,0.95776,0.90797,0.94072,0.86294,0.19712,0.23406,0.02565,6.238e-05,6.238e-05,6.238e-05
382,46807.1,0.24707,0.2403,0.02997,0.95842,0.90758,0.94075,0.86301,0.19712,0.23405,0.0253,6.2281e-05,6.2281e-05,6.2281e-05
383,46926.8,0.24781,0.24334,0.03106,0.95865,0.90719,0.94053,0.8629,0.19733,0.23409,0.02552,6.2182e-05,6.2182e-05,6.2182e-05
384,47049,0.24747,0.23925,0.03139,0.95777,0.90846,0.94084,0.86327,0.19664,0.23406,0.02537,6.2083e-05,6.2083e-05,6.2083e-05
385,47169.5,0.25262,0.24371,0.03169,0.95817,0.90872,0.94111,0.86328,0.19653,0.23415,0.02561,6.1984e-05,6.1984e-05,6.1984e-05
386,47290.2,0.25431,0.24472,0.03275,0.9578,0.90891,0.94105,0.86333,0.19542,0.23418,0.02531,6.1885e-05,6.1885e-05,6.1885e-05
387,47409,0.24951,0.24041,0.03192,0.9592,0.90807,0.94117,0.86342,0.19525,0.23418,0.02506,6.1786e-05,6.1786e-05,6.1786e-05
388,47529.3,0.24399,0.24155,0.02985,0.959,0.90768,0.94123,0.86358,0.19577,0.23378,0.0251,6.1687e-05,6.1687e-05,6.1687e-05
389,47649.3,0.25244,0.24126,0.03177,0.95867,0.90838,0.94123,0.8636,0.19611,0.23373,0.02519,6.1588e-05,6.1588e-05,6.1588e-05
390,47770.2,0.24792,0.24279,0.03137,0.95826,0.9079,0.94079,0.86318,0.19696,0.2334,0.02543,6.1489e-05,6.1489e-05,6.1489e-05
391,47892.9,0.25215,0.24128,0.0318,0.95855,0.90882,0.941,0.86338,0.19655,0.23336,0.02563,6.139e-05,6.139e-05,6.139e-05
392,48014.6,0.24622,0.24132,0.03072,0.95817,0.90822,0.94061,0.86312,0.19712,0.23316,0.02605,6.1291e-05,6.1291e-05,6.1291e-05
393,48136.7,0.25452,0.24133,0.03179,0.95738,0.90784,0.94066,0.86307,0.19747,0.23319,0.02614,6.1192e-05,6.1192e-05,6.1192e-05
394,48257.9,0.25149,0.2417,0.03147,0.95601,0.90964,0.94058,0.86299,0.19762,0.23319,0.02616,6.1093e-05,6.1093e-05,6.1093e-05
395,48379.1,0.24769,0.24301,0.03075,0.95741,0.90873,0.94076,0.86322,0.19657,0.23355,0.02621,6.0994e-05,6.0994e-05,6.0994e-05
396,48501.1,0.25061,0.24192,0.03186,0.95657,0.91011,0.94095,0.86346,0.19636,0.23349,0.0261,6.0895e-05,6.0895e-05,6.0895e-05
397,48622.7,0.24895,0.2401,0.03143,0.95738,0.90889,0.94095,0.86357,0.19654,0.23322,0.02567,6.0796e-05,6.0796e-05,6.0796e-05
398,48744,0.24845,0.24148,0.03157,0.95631,0.91138,0.94132,0.86386,0.19615,0.23355,0.02573,6.0697e-05,6.0697e-05,6.0697e-05
399,48868,0.24738,0.2412,0.03048,0.9573,0.90997,0.94132,0.86381,0.19519,0.2337,0.02572,6.0598e-05,6.0598e-05,6.0598e-05
400,48989.8,0.24902,0.24182,0.03104,0.95753,0.90898,0.94116,0.86367,0.19531,0.23407,0.02558,6.0499e-05,6.0499e-05,6.0499e-05
401,49114.7,0.24988,0.23902,0.0317,0.95677,0.91016,0.94091,0.86363,0.19527,0.23395,0.0257,6.04e-05,6.04e-05,6.04e-05
402,49236.1,0.24789,0.23958,0.03163,0.95741,0.90963,0.94078,0.86358,0.19616,0.23386,0.02582,6.0301e-05,6.0301e-05,6.0301e-05
403,49358.4,0.24587,0.24045,0.03044,0.95659,0.91035,0.94087,0.86351,0.19609,0.23386,0.02598,6.0202e-05,6.0202e-05,6.0202e-05
404,49480.9,0.24776,0.23909,0.03115,0.95804,0.90855,0.94073,0.86332,0.19607,0.23387,0.02605,6.0103e-05,6.0103e-05,6.0103e-05
405,49599.8,0.2504,0.2385,0.03153,0.95747,0.9095,0.94102,0.8639,0.19583,0.23371,0.02632,6.0004e-05,6.0004e-05,6.0004e-05
406,49721.7,0.2476,0.24003,0.03074,0.95829,0.90857,0.94078,0.86387,0.19586,0.2334,0.02639,5.9905e-05,5.9905e-05,5.9905e-05
407,49844.7,0.24271,0.24042,0.02932,0.95734,0.90956,0.94073,0.86356,0.19541,0.23397,0.02645,5.9806e-05,5.9806e-05,5.9806e-05
408,49965.9,0.2449,0.24083,0.02985,0.95936,0.90714,0.94081,0.8639,0.19497,0.23346,0.026,5.9707e-05,5.9707e-05,5.9707e-05
409,50087.3,0.2447,0.23821,0.0304,0.95885,0.90744,0.9407,0.86404,0.1958,0.23335,0.02597,5.9608e-05,5.9608e-05,5.9608e-05
410,50208.6,0.24601,0.24176,0.03195,0.9585,0.9081,0.94091,0.86426,0.19516,0.23362,0.02596,5.9509e-05,5.9509e-05,5.9509e-05
411,50331.1,0.24658,0.23961,0.03069,0.95827,0.90797,0.94083,0.86427,0.1953,0.23352,0.02581,5.941e-05,5.941e-05,5.941e-05
412,50452.3,0.25176,0.23761,0.03322,0.95896,0.90772,0.9408,0.86421,0.1951,0.23341,0.02562,5.9311e-05,5.9311e-05,5.9311e-05
413,50572.6,0.25302,0.24094,0.0318,0.95898,0.90774,0.94055,0.86409,0.1953,0.23316,0.02593,5.9212e-05,5.9212e-05,5.9212e-05
414,50694.5,0.25212,0.23982,0.03243,0.95948,0.90779,0.94093,0.8643,0.19494,0.23337,0.0258,5.9113e-05,5.9113e-05,5.9113e-05
415,50816.6,0.24947,0.24011,0.03164,0.95807,0.90926,0.94086,0.86428,0.19456,0.23338,0.02541,5.9014e-05,5.9014e-05,5.9014e-05
416,50938.6,0.24301,0.24298,0.03,0.95879,0.90797,0.94081,0.86444,0.19464,0.23303,0.02539,5.8915e-05,5.8915e-05,5.8915e-05
417,51061.3,0.24333,0.24154,0.02912,0.95969,0.90724,0.94071,0.86444,0.19522,0.23263,0.02527,5.8816e-05,5.8816e-05,5.8816e-05
418,51183.1,0.24844,0.24024,0.0299,0.95864,0.9084,0.94123,0.86469,0.19466,0.23271,0.02501,5.8717e-05,5.8717e-05,5.8717e-05
419,51306.4,0.24283,0.23704,0.03078,0.95894,0.90695,0.94077,0.86458,0.19512,0.23253,0.02525,5.8618e-05,5.8618e-05,5.8618e-05
420,51429,0.25021,0.24138,0.03136,0.9585,0.90841,0.94114,0.86468,0.19457,0.23277,0.02526,5.8519e-05,5.8519e-05,5.8519e-05
421,51550.3,0.25141,0.23971,0.0316,0.959,0.90758,0.94115,0.86473,0.19429,0.23277,0.02511,5.842e-05,5.842e-05,5.842e-05
422,51671,0.24565,0.23855,0.02964,0.95695,0.90987,0.94125,0.86458,0.19446,0.23264,0.02536,5.8321e-05,5.8321e-05,5.8321e-05
423,51791.8,0.25533,0.2408,0.03273,0.95844,0.90892,0.94108,0.86472,0.1948,0.2326,0.0255,5.8222e-05,5.8222e-05,5.8222e-05
424,51916.3,0.24283,0.23792,0.03028,0.95521,0.91184,0.94104,0.86457,0.19567,0.23238,0.02578,5.8123e-05,5.8123e-05,5.8123e-05
425,52036.8,0.24327,0.2397,0.02999,0.95694,0.90985,0.94088,0.86448,0.19612,0.23223,0.02581,5.8024e-05,5.8024e-05,5.8024e-05
426,52154.5,0.24412,0.24163,0.02967,0.95742,0.9086,0.9407,0.86427,0.19548,0.23249,0.02564,5.7925e-05,5.7925e-05,5.7925e-05
427,52277,0.24542,0.23892,0.03105,0.95759,0.90872,0.9408,0.86441,0.19548,0.23256,0.0256,5.7826e-05,5.7826e-05,5.7826e-05
428,52401.7,0.2514,0.23587,0.03192,0.9577,0.90816,0.94038,0.86415,0.19575,0.23239,0.02571,5.7727e-05,5.7727e-05,5.7727e-05
429,52521,0.24618,0.23984,0.03079,0.95709,0.90758,0.94043,0.86428,0.19629,0.23227,0.0257,5.7628e-05,5.7628e-05,5.7628e-05
430,52642.3,0.24562,0.23918,0.03057,0.95901,0.90666,0.94041,0.86425,0.19581,0.23224,0.02566,5.7529e-05,5.7529e-05,5.7529e-05
431,52765.1,0.24247,0.2396,0.02993,0.9587,0.90717,0.9402,0.86413,0.19618,0.23217,0.02578,5.743e-05,5.743e-05,5.743e-05
432,52886.1,0.25302,0.24233,0.03375,0.95835,0.90762,0.94042,0.86433,0.19612,0.23194,0.02568,5.7331e-05,5.7331e-05,5.7331e-05
433,53006.3,0.24672,0.24179,0.03139,0.95939,0.90712,0.94064,0.86442,0.1956,0.23194,0.02562,5.7232e-05,5.7232e-05,5.7232e-05
434,53126.7,0.2483,0.23957,0.03153,0.95866,0.90882,0.94085,0.86469,0.196,0.23187,0.02565,5.7133e-05,5.7133e-05,5.7133e-05
435,53246.4,0.24086,0.24135,0.02907,0.95931,0.9072,0.94035,0.86446,0.19613,0.23166,0.02571,5.7034e-05,5.7034e-05,5.7034e-05
436,53369.4,0.24217,0.23862,0.02999,0.95944,0.90787,0.9407,0.86478,0.19575,0.23182,0.02589,5.6935e-05,5.6935e-05,5.6935e-05
437,53492.7,0.24296,0.23894,0.03075,0.95941,0.90771,0.94085,0.86493,0.19526,0.2319,0.02579,5.6836e-05,5.6836e-05,5.6836e-05
438,53617.2,0.23918,0.23733,0.02842,0.95922,0.9069,0.94037,0.8647,0.19592,0.23163,0.0257,5.6737e-05,5.6737e-05,5.6737e-05
439,53737.5,0.24876,0.24017,0.03204,0.95795,0.90876,0.94072,0.86477,0.19589,0.23174,0.02588,5.6638e-05,5.6638e-05,5.6638e-05
440,53859.3,0.2453,0.24038,0.03136,0.95928,0.90687,0.94056,0.86481,0.19595,0.23177,0.02604,5.6539e-05,5.6539e-05,5.6539e-05
441,53980.1,0.2499,0.23773,0.03218,0.95935,0.90689,0.9407,0.86495,0.19533,0.23184,0.02606,5.644e-05,5.644e-05,5.644e-05
442,54103.1,0.24509,0.23927,0.03052,0.95826,0.90863,0.94096,0.86522,0.19467,0.23197,0.02583,5.6341e-05,5.6341e-05,5.6341e-05
443,54225.5,0.24183,0.23739,0.03016,0.95877,0.90836,0.94099,0.86528,0.19455,0.23201,0.02578,5.6242e-05,5.6242e-05,5.6242e-05
444,54344.3,0.2456,0.23917,0.03177,0.95826,0.90866,0.94116,0.8654,0.19439,0.23201,0.02565,5.6143e-05,5.6143e-05,5.6143e-05
445,54465,0.24713,0.23912,0.03084,0.95871,0.90774,0.94091,0.86531,0.19468,0.23194,0.02578,5.6044e-05,5.6044e-05,5.6044e-05
446,54588.3,0.24515,0.23784,0.03168,0.95847,0.90754,0.94092,0.86526,0.19422,0.23212,0.02562,5.5945e-05,5.5945e-05,5.5945e-05
447,54711.3,0.24027,0.23904,0.0303,0.95895,0.90751,0.94095,0.86532,0.1947,0.2319,0.02572,5.5846e-05,5.5846e-05,5.5846e-05
448,54831.8,0.24263,0.23813,0.03006,0.959,0.90781,0.94087,0.86535,0.19457,0.2318,0.02572,5.5747e-05,5.5747e-05,5.5747e-05
449,54952.8,0.24184,0.23871,0.02999,0.95908,0.90757,0.94105,0.86541,0.19431,0.23194,0.02553,5.5648e-05,5.5648e-05,5.5648e-05
450,55073.5,0.23715,0.23782,0.02848,0.95919,0.90698,0.94085,0.86541,0.19427,0.2319,0.0256,5.5549e-05,5.5549e-05,5.5549e-05
451,55196.2,0.23883,0.23953,0.02993,0.95849,0.90838,0.94102,0.86548,0.19415,0.23171,0.02583,5.545e-05,5.545e-05,5.545e-05
452,55318.8,0.24586,0.23798,0.03062,0.9584,0.90809,0.94109,0.86579,0.194,0.23176,0.02551,5.5351e-05,5.5351e-05,5.5351e-05
453,55442.3,0.23995,0.23707,0.03074,0.95754,0.90959,0.94121,0.86588,0.19344,0.23164,0.0255,5.5252e-05,5.5252e-05,5.5252e-05
454,55563.5,0.24059,0.23699,0.0291,0.95915,0.9084,0.94116,0.86616,0.19308,0.23189,0.0256,5.5153e-05,5.5153e-05,5.5153e-05
455,55688,0.23998,0.23662,0.03027,0.95968,0.90786,0.94125,0.86614,0.19336,0.23172,0.02574,5.5054e-05,5.5054e-05,5.5054e-05
456,55809.3,0.23893,0.23818,0.03027,0.9597,0.90784,0.94104,0.86601,0.19357,0.23166,0.02579,5.4955e-05,5.4955e-05,5.4955e-05
457,55931.5,0.23505,0.23719,0.02861,0.95922,0.90819,0.94119,0.86642,0.1933,0.23172,0.02572,5.4856e-05,5.4856e-05,5.4856e-05
458,56053.9,0.24381,0.23637,0.03005,0.9592,0.90792,0.94117,0.86603,0.19348,0.23169,0.02563,5.4757e-05,5.4757e-05,5.4757e-05
459,56174.4,0.23727,0.2376,0.0292,0.95881,0.90825,0.94106,0.86635,0.19319,0.23175,0.02569,5.4658e-05,5.4658e-05,5.4658e-05
460,56294.9,0.2333,0.23692,0.02817,0.95972,0.908,0.94116,0.86644,0.19272,0.23174,0.02566,5.4559e-05,5.4559e-05,5.4559e-05
461,56415.5,0.24024,0.23676,0.02934,0.9595,0.90793,0.94116,0.86633,0.19292,0.23161,0.0257,5.446e-05,5.446e-05,5.446e-05
462,56537.4,0.23692,0.23807,0.02956,0.95964,0.90809,0.94131,0.8665,0.19285,0.23176,0.02596,5.4361e-05,5.4361e-05,5.4361e-05
463,56658.5,0.24371,0.23802,0.03024,0.95946,0.90812,0.94122,0.86629,0.19266,0.23169,0.02576,5.4262e-05,5.4262e-05,5.4262e-05
464,56781.4,0.2362,0.23703,0.02892,0.96021,0.90747,0.94108,0.8662,0.19302,0.2317,0.02602,5.4163e-05,5.4163e-05,5.4163e-05
465,56901.6,0.24427,0.23694,0.02951,0.95955,0.90797,0.94113,0.86632,0.19277,0.23159,0.0259,5.4064e-05,5.4064e-05,5.4064e-05
466,57020.6,0.238,0.23851,0.02893,0.9587,0.90835,0.94116,0.86631,0.19307,0.23138,0.026,5.3965e-05,5.3965e-05,5.3965e-05
467,57142.1,0.24174,0.23613,0.0293,0.96043,0.90689,0.9409,0.86628,0.19345,0.23107,0.02604,5.3866e-05,5.3866e-05,5.3866e-05
468,57262.7,0.23954,0.23851,0.03093,0.96006,0.90752,0.94085,0.86624,0.19374,0.23105,0.02622,5.3767e-05,5.3767e-05,5.3767e-05
469,57385.3,0.23834,0.23729,0.02995,0.95962,0.90708,0.94074,0.8661,0.1939,0.23095,0.02617,5.3668e-05,5.3668e-05,5.3668e-05
470,57507.5,0.2399,0.23649,0.02941,0.95961,0.90787,0.94099,0.86629,0.19332,0.23106,0.02613,5.3569e-05,5.3569e-05,5.3569e-05
471,57627.3,0.23703,0.23719,0.02933,0.96011,0.90749,0.94093,0.86639,0.19358,0.2308,0.0259,5.347e-05,5.347e-05,5.347e-05
472,57750.4,0.24048,0.23471,0.03008,0.95984,0.90721,0.94097,0.8663,0.19347,0.23069,0.02601,5.3371e-05,5.3371e-05,5.3371e-05
473,57872.1,0.23957,0.23726,0.03047,0.95958,0.90709,0.94052,0.86614,0.1942,0.23065,0.02627,5.3272e-05,5.3272e-05,5.3272e-05
474,57992.3,0.2379,0.2365,0.03014,0.95959,0.90711,0.9405,0.86597,0.1941,0.23079,0.02592,5.3173e-05,5.3173e-05,5.3173e-05
475,58113.5,0.2401,0.23581,0.03006,0.95856,0.90816,0.9407,0.86627,0.19371,0.23079,0.02595,5.3074e-05,5.3074e-05,5.3074e-05
476,58233.3,0.24534,0.23586,0.03152,0.95758,0.90909,0.94071,0.86607,0.19401,0.23067,0.02586,5.2975e-05,5.2975e-05,5.2975e-05
477,58353.2,0.23408,0.23723,0.02856,0.95875,0.90739,0.94065,0.86618,0.19389,0.23067,0.02597,5.2876e-05,5.2876e-05,5.2876e-05
478,58475.7,0.23702,0.23684,0.02971,0.95759,0.90933,0.94073,0.86625,0.19391,0.23064,0.02603,5.2777e-05,5.2777e-05,5.2777e-05
479,58598.7,0.24035,0.23666,0.02968,0.95707,0.90978,0.94062,0.86627,0.19396,0.2305,0.02583,5.2678e-05,5.2678e-05,5.2678e-05
480,58719.1,0.23969,0.23872,0.02952,0.9566,0.91003,0.94084,0.8661,0.19397,0.23067,0.02595,5.2579e-05,5.2579e-05,5.2579e-05
481,58839,0.23713,0.23833,0.02865,0.95654,0.9102,0.94062,0.86591,0.1942,0.23051,0.02597,5.248e-05,5.248e-05,5.248e-05
482,58960.9,0.23531,0.23494,0.02881,0.95716,0.90981,0.94057,0.86611,0.19384,0.2305,0.02587,5.2381e-05,5.2381e-05,5.2381e-05
483,59083.2,0.23846,0.23689,0.02831,0.95614,0.91025,0.94055,0.86613,0.19388,0.23039,0.02591,5.2282e-05,5.2282e-05,5.2282e-05
484,59205.7,0.23626,0.23668,0.02972,0.95639,0.91107,0.94074,0.8661,0.19419,0.23052,0.026,5.2183e-05,5.2183e-05,5.2183e-05
485,59325.1,0.24213,0.23824,0.03012,0.95791,0.90934,0.9405,0.86622,0.19432,0.23032,0.02616,5.2084e-05,5.2084e-05,5.2084e-05
486,59447.8,0.24203,0.23678,0.03014,0.95675,0.90996,0.94065,0.86627,0.19427,0.23025,0.02603,5.1985e-05,5.1985e-05,5.1985e-05
487,59571.4,0.23612,0.23491,0.0287,0.95798,0.90895,0.94041,0.86613,0.19464,0.23003,0.02615,5.1886e-05,5.1886e-05,5.1886e-05
488,59692.5,0.24095,0.23755,0.02991,0.95786,0.90891,0.94052,0.8661,0.19425,0.23031,0.02614,5.1787e-05,5.1787e-05,5.1787e-05
489,59815.9,0.23743,0.23737,0.02836,0.95793,0.90971,0.94061,0.86621,0.19456,0.23029,0.0263,5.1688e-05,5.1688e-05,5.1688e-05
490,59938.8,0.23519,0.23429,0.02983,0.95795,0.90954,0.94073,0.8662,0.19447,0.23029,0.02646,5.1589e-05,5.1589e-05,5.1589e-05
491,60058.7,0.23743,0.23751,0.02919,0.95756,0.90928,0.94042,0.86619,0.19491,0.23042,0.0266,5.149e-05,5.149e-05,5.149e-05
492,60179.9,0.23571,0.23481,0.02909,0.95796,0.90917,0.94044,0.86611,0.19502,0.23026,0.02672,5.1391e-05,5.1391e-05,5.1391e-05
493,60301.4,0.23467,0.23615,0.02824,0.9572,0.90982,0.94038,0.86611,0.19483,0.23031,0.02642,5.1292e-05,5.1292e-05,5.1292e-05
494,60423.6,0.23629,0.23503,0.02965,0.95745,0.90914,0.94038,0.86595,0.19478,0.23025,0.02655,5.1193e-05,5.1193e-05,5.1193e-05
495,60543.5,0.24093,0.23558,0.02887,0.9581,0.90857,0.94023,0.86581,0.19463,0.23039,0.0266,5.1094e-05,5.1094e-05,5.1094e-05
496,60665.1,0.24407,0.23402,0.03218,0.95746,0.90952,0.94041,0.86626,0.19451,0.23032,0.02678,5.0995e-05,5.0995e-05,5.0995e-05
497,60787.8,0.23953,0.23544,0.03003,0.95759,0.90854,0.94015,0.86607,0.19483,0.22995,0.02689,5.0896e-05,5.0896e-05,5.0896e-05
498,60909.3,0.23791,0.23587,0.02956,0.9586,0.9079,0.94006,0.8658,0.19513,0.23005,0.02689,5.0797e-05,5.0797e-05,5.0797e-05
499,61033.4,0.23922,0.23556,0.02972,0.95772,0.90855,0.94024,0.86589,0.19512,0.22986,0.02688,5.0698e-05,5.0698e-05,5.0698e-05
500,61156.4,0.23252,0.2336,0.02834,0.95764,0.90963,0.9404,0.86614,0.19506,0.22985,0.02671,5.0599e-05,5.0599e-05,5.0599e-05
501,61277.3,0.23488,0.23535,0.02949,0.9581,0.90914,0.94041,0.86615,0.1947,0.22991,0.02662,5.05e-05,5.05e-05,5.05e-05
502,61397.2,0.23498,0.23697,0.0294,0.95825,0.90914,0.94035,0.86623,0.19491,0.22963,0.02664,5.0401e-05,5.0401e-05,5.0401e-05
503,61518.3,0.22728,0.23597,0.02644,0.95789,0.90977,0.94047,0.86624,0.19464,0.22987,0.02674,5.0302e-05,5.0302e-05,5.0302e-05
504,61639.6,0.23171,0.2341,0.02852,0.95783,0.90895,0.94048,0.86622,0.19439,0.23008,0.02669,5.0203e-05,5.0203e-05,5.0203e-05
505,61760.7,0.23207,0.23563,0.02831,0.95725,0.91026,0.9406,0.86631,0.19416,0.22997,0.02656,5.0104e-05,5.0104e-05,5.0104e-05
506,61883.9,0.23523,0.23475,0.02987,0.95776,0.90876,0.94026,0.86605,0.19424,0.22995,0.02656,5.0005e-05,5.0005e-05,5.0005e-05
507,62004.2,0.23663,0.23486,0.02967,0.95709,0.90954,0.94052,0.86634,0.19439,0.22978,0.02657,4.9906e-05,4.9906e-05,4.9906e-05
508,62124,0.23386,0.23641,0.02929,0.95792,0.90958,0.94035,0.86639,0.19472,0.22951,0.02667,4.9807e-05,4.9807e-05,4.9807e-05
509,62246.8,0.23669,0.2378,0.02882,0.95746,0.90952,0.94068,0.86664,0.19393,0.22963,0.02622,4.9708e-05,4.9708e-05,4.9708e-05
510,62364.5,0.23791,0.23936,0.02962,0.95691,0.91,0.94066,0.86661,0.19412,0.22954,0.02618,4.9609e-05,4.9609e-05,4.9609e-05
511,62485.5,0.23114,0.23563,0.0274,0.95751,0.90968,0.94065,0.86672,0.19405,0.22952,0.0262,4.951e-05,4.951e-05,4.951e-05
512,62609.8,0.23344,0.23378,0.02894,0.95732,0.90946,0.94069,0.8668,0.194,0.22936,0.0263,4.9411e-05,4.9411e-05,4.9411e-05
513,62729.3,0.23398,0.23478,0.0296,0.95763,0.90981,0.9406,0.86677,0.19413,0.22929,0.02616,4.9312e-05,4.9312e-05,4.9312e-05
514,62851.3,0.23216,0.23418,0.02843,0.95778,0.90952,0.94056,0.86678,0.19474,0.229,0.02623,4.9213e-05,4.9213e-05,4.9213e-05
515,62973.2,0.23207,0.23606,0.0281,0.95868,0.90935,0.94071,0.86684,0.19396,0.22915,0.02609,4.9114e-05,4.9114e-05,4.9114e-05
516,63095.2,0.2346,0.23523,0.02832,0.95779,0.91015,0.94069,0.86676,0.19396,0.22916,0.02606,4.9015e-05,4.9015e-05,4.9015e-05
517,63216.9,0.23104,0.23527,0.02813,0.95768,0.91031,0.94058,0.8669,0.1936,0.22917,0.02625,4.8916e-05,4.8916e-05,4.8916e-05
518,63336,0.23518,0.23589,0.02902,0.95762,0.91012,0.94058,0.86678,0.19383,0.22916,0.02623,4.8817e-05,4.8817e-05,4.8817e-05
519,63455,0.2325,0.23506,0.02903,0.95761,0.9106,0.94084,0.86696,0.19321,0.22944,0.02622,4.8718e-05,4.8718e-05,4.8718e-05
520,63578.6,0.23952,0.23478,0.03077,0.9574,0.91085,0.94057,0.86696,0.19343,0.22943,0.02606,4.8619e-05,4.8619e-05,4.8619e-05
521,63698.9,0.24116,0.23594,0.03174,0.95795,0.91095,0.94091,0.86724,0.19339,0.22914,0.02625,4.852e-05,4.852e-05,4.852e-05
522,63819.6,0.22794,0.23607,0.02709,0.9579,0.91123,0.94121,0.86734,0.19289,0.22938,0.02611,4.8421e-05,4.8421e-05,4.8421e-05
523,63940.7,0.23407,0.23579,0.02846,0.95778,0.91133,0.94109,0.86749,0.1927,0.22945,0.02617,4.8322e-05,4.8322e-05,4.8322e-05
524,64064.1,0.23007,0.23448,0.02839,0.95655,0.91181,0.94109,0.86769,0.19264,0.22912,0.02615,4.8223e-05,4.8223e-05,4.8223e-05
525,64186,0.23398,0.23604,0.02861,0.95657,0.91181,0.9412,0.8676,0.19262,0.22925,0.02613,4.8124e-05,4.8124e-05,4.8124e-05
526,64306.9,0.23573,0.23596,0.03004,0.9573,0.91162,0.94114,0.86758,0.19278,0.22905,0.02623,4.8025e-05,4.8025e-05,4.8025e-05
527,64428.7,0.23538,0.23511,0.02913,0.95634,0.91235,0.9411,0.86753,0.19301,0.22899,0.02623,4.7926e-05,4.7926e-05,4.7926e-05
528,64549.7,0.23309,0.23639,0.02785,0.95732,0.91158,0.94131,0.86776,0.19292,0.2289,0.02634,4.7827e-05,4.7827e-05,4.7827e-05
529,64669.9,0.23193,0.23655,0.02796,0.95672,0.91194,0.94125,0.86742,0.19259,0.22906,0.02615,4.7728e-05,4.7728e-05,4.7728e-05
530,64789.4,0.23437,0.23632,0.02898,0.95666,0.91196,0.94105,0.86771,0.19291,0.22903,0.02622,4.7629e-05,4.7629e-05,4.7629e-05
531,64910.3,0.23271,0.23469,0.02838,0.95711,0.91193,0.94109,0.86782,0.1927,0.22919,0.026,4.753e-05,4.753e-05,4.753e-05
532,65029.9,0.23171,0.23393,0.02874,0.95707,0.9119,0.94126,0.86783,0.19224,0.22939,0.02592,4.7431e-05,4.7431e-05,4.7431e-05
533,65153.1,0.23098,0.23624,0.02865,0.95715,0.91166,0.94126,0.86822,0.19262,0.22924,0.026,4.7332e-05,4.7332e-05,4.7332e-05
534,65273.6,0.2317,0.23467,0.02887,0.95713,0.91241,0.94131,0.86823,0.19232,0.22932,0.02583,4.7233e-05,4.7233e-05,4.7233e-05
535,65396.5,0.23041,0.23387,0.02785,0.95732,0.91182,0.94122,0.86827,0.1924,0.22931,0.02589,4.7134e-05,4.7134e-05,4.7134e-05
536,65515.4,0.23263,0.23332,0.02923,0.95726,0.91282,0.94146,0.86836,0.19196,0.22935,0.0259,4.7035e-05,4.7035e-05,4.7035e-05
537,65634.3,0.22907,0.23608,0.02749,0.95666,0.91279,0.94151,0.86828,0.19169,0.22943,0.02579,4.6936e-05,4.6936e-05,4.6936e-05
538,65753.8,0.23485,0.23484,0.02852,0.95692,0.9126,0.9415,0.86851,0.19189,0.22938,0.02579,4.6837e-05,4.6837e-05,4.6837e-05
539,65874.2,0.23007,0.23511,0.02811,0.95798,0.91193,0.94144,0.86846,0.19177,0.22937,0.02573,4.6738e-05,4.6738e-05,4.6738e-05
540,65993.8,0.23043,0.23386,0.02785,0.95743,0.91222,0.94154,0.86847,0.19188,0.22948,0.02576,4.6639e-05,4.6639e-05,4.6639e-05
541,66114.6,0.23172,0.23801,0.02727,0.9578,0.91189,0.94144,0.86854,0.19171,0.22964,0.02575,4.654e-05,4.654e-05,4.654e-05
542,66235.8,0.23265,0.23337,0.0283,0.9593,0.91012,0.9414,0.86847,0.1916,0.22953,0.02571,4.6441e-05,4.6441e-05,4.6441e-05
543,66357.4,0.23204,0.23372,0.02854,0.96092,0.90889,0.94135,0.86843,0.19187,0.22966,0.02573,4.6342e-05,4.6342e-05,4.6342e-05
544,66479.4,0.23596,0.2351,0.02881,0.9594,0.91053,0.94124,0.86841,0.19202,0.2294,0.02587,4.6243e-05,4.6243e-05,4.6243e-05
545,66601.5,0.22997,0.23343,0.02799,0.95982,0.90974,0.94114,0.86831,0.19156,0.22963,0.02565,4.6144e-05,4.6144e-05,4.6144e-05
546,66723.4,0.22708,0.23341,0.02822,0.95797,0.91193,0.94147,0.86862,0.19172,0.22936,0.02553,4.6045e-05,4.6045e-05,4.6045e-05
547,66843.1,0.22789,0.23382,0.02769,0.9598,0.91013,0.9413,0.86867,0.19147,0.2296,0.02553,4.5946e-05,4.5946e-05,4.5946e-05
548,66961.4,0.22593,0.2336,0.02624,0.95947,0.91049,0.94136,0.86854,0.19157,0.22945,0.02553,4.5847e-05,4.5847e-05,4.5847e-05
549,67083.6,0.23078,0.23092,0.0284,0.95996,0.91047,0.94136,0.86864,0.19102,0.22974,0.02546,4.5748e-05,4.5748e-05,4.5748e-05
550,67206,0.23317,0.23326,0.02829,0.95962,0.90977,0.94137,0.86848,0.19109,0.22974,0.02547,4.5649e-05,4.5649e-05,4.5649e-05
551,67327.9,0.22957,0.2356,0.02777,0.95911,0.91098,0.94145,0.86851,0.19172,0.22949,0.02573,4.555e-05,4.555e-05,4.555e-05
552,67449.1,0.23877,0.23255,0.03027,0.96029,0.90892,0.94122,0.86851,0.19144,0.22949,0.02565,4.5451e-05,4.5451e-05,4.5451e-05
553,67570.5,0.23394,0.23185,0.02935,0.95764,0.91162,0.94132,0.86865,0.19099,0.22965,0.02559,4.5352e-05,4.5352e-05,4.5352e-05
554,67691.3,0.22797,0.23145,0.02754,0.9585,0.91119,0.94133,0.86867,0.19131,0.22939,0.02549,4.5253e-05,4.5253e-05,4.5253e-05
555,67810.1,0.22905,0.23457,0.02798,0.95775,0.91181,0.94159,0.86875,0.19096,0.22946,0.02565,4.5154e-05,4.5154e-05,4.5154e-05
556,67930.4,0.23132,0.23364,0.02827,0.95834,0.91152,0.94142,0.86881,0.19139,0.22934,0.02561,4.5055e-05,4.5055e-05,4.5055e-05
557,68050.6,0.2252,0.23209,0.02764,0.9598,0.91006,0.9415,0.86872,0.19126,0.22954,0.02563,4.4956e-05,4.4956e-05,4.4956e-05
558,68170,0.22354,0.23285,0.02731,0.96024,0.9105,0.94155,0.8688,0.1908,0.22956,0.02556,4.4857e-05,4.4857e-05,4.4857e-05
559,68293,0.22338,0.23085,0.02662,0.95916,0.91104,0.9415,0.86866,0.19128,0.22941,0.02568,4.4758e-05,4.4758e-05,4.4758e-05
560,68414.7,0.23713,0.23319,0.02962,0.9582,0.91155,0.94155,0.86875,0.19116,0.22956,0.02545,4.4659e-05,4.4659e-05,4.4659e-05
561,68535.9,0.22649,0.2315,0.0271,0.95829,0.91136,0.94157,0.86866,0.19102,0.22929,0.0254,4.456e-05,4.456e-05,4.456e-05
562,68656.4,0.22857,0.23276,0.02696,0.9583,0.91168,0.94153,0.86883,0.19147,0.22918,0.02539,4.4461e-05,4.4461e-05,4.4461e-05
563,68779.2,0.22895,0.23214,0.02705,0.95962,0.90997,0.94134,0.86867,0.19143,0.22917,0.02555,4.4362e-05,4.4362e-05,4.4362e-05
564,68900.6,0.22981,0.23257,0.02889,0.9576,0.91175,0.94141,0.86901,0.19124,0.22937,0.02551,4.4263e-05,4.4263e-05,4.4263e-05
565,69020.5,0.23528,0.23333,0.02933,0.95823,0.91177,0.94137,0.86882,0.19108,0.2295,0.02552,4.4164e-05,4.4164e-05,4.4164e-05
566,69140.6,0.23967,0.23259,0.03244,0.95839,0.91149,0.94111,0.86866,0.19113,0.22929,0.02559,4.4065e-05,4.4065e-05,4.4065e-05
567,69261.7,0.22192,0.23246,0.02608,0.95772,0.91222,0.94147,0.86899,0.19064,0.2292,0.0255,4.3966e-05,4.3966e-05,4.3966e-05
568,69383.5,0.23381,0.23226,0.02867,0.95753,0.91219,0.9413,0.86892,0.19096,0.2291,0.02557,4.3867e-05,4.3867e-05,4.3867e-05
569,69505.8,0.23002,0.23251,0.02808,0.95788,0.91196,0.94131,0.8689,0.19092,0.229,0.0256,4.3768e-05,4.3768e-05,4.3768e-05
570,69627.5,0.22712,0.23464,0.0264,0.95826,0.91114,0.94107,0.86868,0.19123,0.22906,0.02579,4.3669e-05,4.3669e-05,4.3669e-05
571,69750.4,0.23296,0.23068,0.02889,0.95943,0.91031,0.94139,0.8689,0.19088,0.22903,0.02567,4.357e-05,4.357e-05,4.357e-05
572,69873.6,0.22702,0.23271,0.02657,0.95859,0.91165,0.94146,0.86907,0.19077,0.22891,0.02567,4.3471e-05,4.3471e-05,4.3471e-05
573,69992.8,0.22661,0.23246,0.02702,0.95951,0.9105,0.94144,0.86896,0.19105,0.22892,0.02559,4.3372e-05,4.3372e-05,4.3372e-05
574,70112.5,0.22678,0.23231,0.02793,0.95768,0.91222,0.94154,0.86937,0.1907,0.22895,0.02555,4.3273e-05,4.3273e-05,4.3273e-05
575,70234.4,0.22781,0.23258,0.02736,0.95808,0.91152,0.94147,0.86904,0.19048,0.22896,0.02547,4.3174e-05,4.3174e-05,4.3174e-05
576,70356.3,0.22757,0.23237,0.0273,0.95762,0.91158,0.94141,0.86904,0.19073,0.22896,0.02559,4.3075e-05,4.3075e-05,4.3075e-05
577,70475.6,0.22989,0.2321,0.02852,0.95821,0.912,0.94155,0.86914,0.19069,0.22908,0.02554,4.2976e-05,4.2976e-05,4.2976e-05
578,70595.1,0.23088,0.23212,0.02812,0.95954,0.91076,0.94152,0.86936,0.19089,0.22892,0.02567,4.2877e-05,4.2877e-05,4.2877e-05
579,70717.4,0.23284,0.23256,0.02835,0.95974,0.91083,0.94167,0.86964,0.19058,0.22883,0.02565,4.2778e-05,4.2778e-05,4.2778e-05
580,70839.6,0.22828,0.23236,0.02822,0.95779,0.91222,0.94161,0.86949,0.19072,0.2288,0.02552,4.2679e-05,4.2679e-05,4.2679e-05
581,70959.7,0.22559,0.23224,0.02713,0.95706,0.91269,0.94172,0.86954,0.19077,0.22873,0.02568,4.258e-05,4.258e-05,4.258e-05
582,71081.4,0.22793,0.23172,0.02673,0.95782,0.91241,0.94163,0.86952,0.19024,0.22904,0.02551,4.2481e-05,4.2481e-05,4.2481e-05
583,71205.5,0.2283,0.2323,0.02777,0.95983,0.9106,0.94165,0.86947,0.19052,0.22884,0.02567,4.2382e-05,4.2382e-05,4.2382e-05
584,71325,0.2271,0.23261,0.02778,0.95972,0.91033,0.94152,0.86952,0.19002,0.22898,0.0255,4.2283e-05,4.2283e-05,4.2283e-05
585,71447.1,0.23035,0.23343,0.02823,0.9595,0.91062,0.94158,0.86944,0.18995,0.22904,0.02544,4.2184e-05,4.2184e-05,4.2184e-05
586,71567.2,0.22468,0.23321,0.02653,0.96023,0.91024,0.94168,0.8696,0.18976,0.22931,0.02527,4.2085e-05,4.2085e-05,4.2085e-05
587,71690.5,0.22619,0.23201,0.02675,0.95971,0.91012,0.94141,0.86931,0.19033,0.22899,0.02549,4.1986e-05,4.1986e-05,4.1986e-05
588,71810.6,0.22756,0.2337,0.02754,0.95794,0.91217,0.94154,0.86953,0.19024,0.22902,0.02559,4.1887e-05,4.1887e-05,4.1887e-05
589,71930.5,0.22513,0.2316,0.02721,0.95962,0.91057,0.94155,0.86938,0.19023,0.22895,0.02539,4.1788e-05,4.1788e-05,4.1788e-05
590,72051.9,0.22768,0.23092,0.02777,0.95962,0.9105,0.94142,0.86934,0.19033,0.22881,0.02533,4.1689e-05,4.1689e-05,4.1689e-05
591,72171.7,0.22432,0.23242,0.02664,0.95812,0.91257,0.94159,0.86955,0.19047,0.2288,0.02554,4.159e-05,4.159e-05,4.159e-05
592,72293.5,0.22858,0.23316,0.02766,0.95983,0.91077,0.94147,0.8695,0.19036,0.22887,0.02546,4.1491e-05,4.1491e-05,4.1491e-05
593,72412.9,0.22873,0.23051,0.02833,0.95996,0.9105,0.94146,0.86974,0.19047,0.2288,0.02575,4.1392e-05,4.1392e-05,4.1392e-05
594,72533.9,0.22448,0.23252,0.02698,0.9599,0.91025,0.94138,0.86961,0.19057,0.22869,0.02571,4.1293e-05,4.1293e-05,4.1293e-05
595,72653.2,0.22293,0.23247,0.02776,0.9602,0.91032,0.94136,0.86945,0.19048,0.22866,0.02577,4.1194e-05,4.1194e-05,4.1194e-05
596,72774.7,0.22597,0.23259,0.02659,0.9603,0.9097,0.94125,0.86967,0.19053,0.22871,0.02562,4.1095e-05,4.1095e-05,4.1095e-05
597,72895.7,0.2274,0.23208,0.02712,0.96024,0.90974,0.94119,0.86932,0.19049,0.22865,0.02564,4.0996e-05,4.0996e-05,4.0996e-05
598,73016.7,0.22569,0.22962,0.02814,0.95941,0.91057,0.94133,0.86939,0.19072,0.22863,0.02567,4.0897e-05,4.0897e-05,4.0897e-05
599,73138.2,0.22192,0.23229,0.02592,0.95995,0.91035,0.94139,0.86971,0.19008,0.22878,0.02562,4.0798e-05,4.0798e-05,4.0798e-05
600,73258.6,0.22386,0.22982,0.0268,0.95991,0.91025,0.94133,0.86952,0.19069,0.22859,0.02562,4.0699e-05,4.0699e-05,4.0699e-05
601,73380.7,0.22452,0.23167,0.02773,0.95864,0.91148,0.94141,0.86946,0.19032,0.22873,0.0256,4.06e-05,4.06e-05,4.06e-05
602,73502.1,0.22133,0.23173,0.02572,0.95907,0.91021,0.94114,0.86938,0.19079,0.22873,0.02561,4.0501e-05,4.0501e-05,4.0501e-05
603,73624.8,0.2213,0.23057,0.02642,0.95808,0.91174,0.94132,0.86955,0.19072,0.22874,0.02558,4.0402e-05,4.0402e-05,4.0402e-05
604,73749.4,0.23022,0.22995,0.02777,0.95776,0.91206,0.94143,0.8695,0.19096,0.22854,0.02561,4.0303e-05,4.0303e-05,4.0303e-05
605,73871.8,0.22734,0.23144,0.02826,0.95761,0.91193,0.94137,0.86953,0.19075,0.22855,0.02554,4.0204e-05,4.0204e-05,4.0204e-05
606,73992.8,0.22215,0.23206,0.02612,0.95902,0.9107,0.94136,0.86964,0.1907,0.22846,0.02557,4.0105e-05,4.0105e-05,4.0105e-05
607,74112.2,0.22117,0.23076,0.02587,0.95785,0.91139,0.94134,0.86966,0.19084,0.2284,0.02566,4.0006e-05,4.0006e-05,4.0006e-05
608,74232.8,0.22183,0.23307,0.02601,0.95817,0.91133,0.94129,0.86978,0.19076,0.22848,0.02553,3.9907e-05,3.9907e-05,3.9907e-05
609,74353.3,0.22341,0.23068,0.02701,0.95756,0.91209,0.94145,0.86993,0.19049,0.22866,0.02559,3.9808e-05,3.9808e-05,3.9808e-05
610,74474.3,0.2235,0.23283,0.02571,0.95857,0.91101,0.94133,0.86975,0.1909,0.22836,0.02575,3.9709e-05,3.9709e-05,3.9709e-05
611,74594.3,0.22203,0.23173,0.02583,0.95913,0.91063,0.94148,0.86995,0.19041,0.22864,0.02578,3.961e-05,3.961e-05,3.961e-05
612,74717.1,0.22322,0.23189,0.02576,0.95834,0.91178,0.94146,0.87003,0.19046,0.22837,0.02568,3.9511e-05,3.9511e-05,3.9511e-05
613,74838.9,0.22201,0.22988,0.02627,0.95841,0.91195,0.94143,0.87007,0.19066,0.22836,0.02563,3.9412e-05,3.9412e-05,3.9412e-05
614,74959.6,0.22396,0.2325,0.02741,0.95857,0.91152,0.9414,0.86998,0.19091,0.22831,0.02561,3.9313e-05,3.9313e-05,3.9313e-05
615,75078.7,0.23151,0.23144,0.03036,0.95749,0.91254,0.94152,0.87005,0.19045,0.22859,0.02549,3.9214e-05,3.9214e-05,3.9214e-05
616,75200,0.22673,0.23156,0.0274,0.9592,0.91066,0.94145,0.86996,0.19087,0.22831,0.02568,3.9115e-05,3.9115e-05,3.9115e-05
617,75321.6,0.22825,0.23016,0.02828,0.95904,0.91031,0.94143,0.86988,0.19074,0.2283,0.02575,3.9016e-05,3.9016e-05,3.9016e-05
618,75442.8,0.22511,0.22989,0.02789,0.9595,0.91056,0.94147,0.87,0.19047,0.22866,0.02573,3.8917e-05,3.8917e-05,3.8917e-05
619,75564.5,0.22952,0.23123,0.02797,0.95852,0.91181,0.94138,0.86996,0.19057,0.22837,0.0258,3.8818e-05,3.8818e-05,3.8818e-05
620,75686.6,0.22624,0.23048,0.02793,0.95768,0.91263,0.94159,0.87011,0.19039,0.22834,0.0258,3.8719e-05,3.8719e-05,3.8719e-05
621,75807.7,0.22601,0.23184,0.02697,0.95812,0.91279,0.94161,0.87015,0.1904,0.22829,0.02579,3.862e-05,3.862e-05,3.862e-05
622,75928.9,0.22581,0.2305,0.02717,0.95774,0.91282,0.94157,0.87013,0.19083,0.2283,0.02583,3.8521e-05,3.8521e-05,3.8521e-05
623,76053.2,0.22527,0.23078,0.02788,0.95759,0.91247,0.94161,0.87018,0.19069,0.22824,0.02574,3.8422e-05,3.8422e-05,3.8422e-05
624,76171.4,0.22888,0.23202,0.02861,0.95807,0.91215,0.94147,0.87002,0.19109,0.22813,0.02595,3.8323e-05,3.8323e-05,3.8323e-05
625,76290.9,0.2218,0.23119,0.0272,0.95801,0.91228,0.94153,0.87009,0.19083,0.22814,0.02605,3.8224e-05,3.8224e-05,3.8224e-05
626,76411.1,0.22366,0.23228,0.02703,0.95785,0.91225,0.9416,0.87013,0.19083,0.22829,0.02604,3.8125e-05,3.8125e-05,3.8125e-05
627,76532.1,0.22659,0.23127,0.02772,0.95828,0.91247,0.94174,0.87018,0.19053,0.22825,0.02593,3.8026e-05,3.8026e-05,3.8026e-05
628,76652.8,0.22413,0.22988,0.02778,0.95768,0.91304,0.94171,0.87014,0.19035,0.22824,0.02601,3.7927e-05,3.7927e-05,3.7927e-05
629,76773.2,0.22637,0.23122,0.02753,0.95748,0.91276,0.94158,0.87003,0.19031,0.22831,0.02601,3.7828e-05,3.7828e-05,3.7828e-05
630,76893.3,0.2245,0.23257,0.02757,0.95805,0.91241,0.94155,0.87012,0.19058,0.22834,0.02597,3.7729e-05,3.7729e-05,3.7729e-05
631,77014.3,0.2232,0.22975,0.02697,0.95795,0.91303,0.94162,0.87029,0.19019,0.22846,0.0259,3.763e-05,3.763e-05,3.763e-05
632,77137.1,0.22279,0.23293,0.02599,0.95761,0.9133,0.94167,0.87026,0.19021,0.2284,0.02599,3.7531e-05,3.7531e-05,3.7531e-05
633,77257.6,0.22919,0.23237,0.02861,0.95621,0.91425,0.94178,0.87043,0.19022,0.22828,0.02595,3.7432e-05,3.7432e-05,3.7432e-05
634,77378.7,0.22112,0.23287,0.02565,0.95737,0.9133,0.94177,0.87027,0.1903,0.2283,0.02597,3.7333e-05,3.7333e-05,3.7333e-05
635,77500.8,0.22556,0.23141,0.02738,0.95841,0.91201,0.94159,0.87016,0.19068,0.22829,0.02607,3.7234e-05,3.7234e-05,3.7234e-05
636,77623,0.22363,0.22974,0.02786,0.9591,0.91157,0.94161,0.87015,0.19033,0.2282,0.02593,3.7135e-05,3.7135e-05,3.7135e-05
637,77746.7,0.22107,0.22929,0.02596,0.95821,0.91304,0.94181,0.87028,0.19009,0.2283,0.02603,3.7036e-05,3.7036e-05,3.7036e-05
638,77866.7,0.22494,0.23025,0.02673,0.95785,0.91311,0.94171,0.87011,0.19026,0.22829,0.02601,3.6937e-05,3.6937e-05,3.6937e-05
639,77987.1,0.22413,0.23069,0.02606,0.95762,0.91333,0.94175,0.87027,0.18995,0.22845,0.026,3.6838e-05,3.6838e-05,3.6838e-05
640,78109.8,0.22467,0.2305,0.02718,0.9576,0.91358,0.94196,0.87033,0.18948,0.22861,0.02583,3.6739e-05,3.6739e-05,3.6739e-05
641,78230,0.22438,0.23033,0.02729,0.9563,0.91385,0.94175,0.87018,0.19005,0.22829,0.02586,3.664e-05,3.664e-05,3.664e-05
642,78353.5,0.22273,0.22936,0.02726,0.9576,0.91315,0.94171,0.87022,0.19028,0.22827,0.02595,3.6541e-05,3.6541e-05,3.6541e-05
643,78472.9,0.22891,0.22978,0.02808,0.9582,0.913,0.9418,0.87023,0.19054,0.22817,0.02593,3.6442e-05,3.6442e-05,3.6442e-05
644,78596.2,0.22382,0.22834,0.02777,0.95834,0.91251,0.94168,0.87021,0.19032,0.22804,0.02584,3.6343e-05,3.6343e-05,3.6343e-05
645,78717.8,0.22822,0.2313,0.0285,0.95804,0.91303,0.94166,0.87018,0.19062,0.22802,0.02589,3.6244e-05,3.6244e-05,3.6244e-05
646,78839.8,0.22707,0.23054,0.02779,0.95733,0.91371,0.9418,0.87035,0.19054,0.22789,0.02598,3.6145e-05,3.6145e-05,3.6145e-05
647,78960,0.22612,0.22956,0.02774,0.95742,0.91339,0.9417,0.87024,0.19075,0.22786,0.02591,3.6046e-05,3.6046e-05,3.6046e-05
648,79080.6,0.21888,0.22964,0.02617,0.95816,0.91287,0.94175,0.87037,0.19054,0.22795,0.02604,3.5947e-05,3.5947e-05,3.5947e-05
649,79199.6,0.22433,0.22989,0.02685,0.95767,0.91336,0.94175,0.87039,0.19049,0.22797,0.02595,3.5848e-05,3.5848e-05,3.5848e-05
650,79318,0.21798,0.23069,0.02578,0.9578,0.91358,0.94178,0.87034,0.1904,0.22799,0.02607,3.5749e-05,3.5749e-05,3.5749e-05
651,79437.9,0.22066,0.22972,0.02551,0.95779,0.91319,0.94166,0.87026,0.19052,0.22789,0.02596,3.565e-05,3.565e-05,3.565e-05
652,79558.4,0.2248,0.23039,0.02715,0.95752,0.91292,0.94167,0.87028,0.1906,0.22784,0.02605,3.5551e-05,3.5551e-05,3.5551e-05
653,79680.6,0.21441,0.23051,0.02466,0.95872,0.91187,0.94154,0.87025,0.19077,0.22784,0.02607,3.5452e-05,3.5452e-05,3.5452e-05
654,79799.3,0.22009,0.22917,0.02692,0.95825,0.91241,0.94174,0.87036,0.19047,0.22779,0.02596,3.5353e-05,3.5353e-05,3.5353e-05
655,79922.6,0.22175,0.23017,0.02625,0.95761,0.91327,0.9417,0.8704,0.19041,0.22777,0.02581,3.5254e-05,3.5254e-05,3.5254e-05
656,80045.8,0.22233,0.22942,0.02704,0.95837,0.91282,0.94167,0.87035,0.19039,0.22792,0.02595,3.5155e-05,3.5155e-05,3.5155e-05
657,80163.7,0.22145,0.22908,0.02743,0.95852,0.91266,0.94178,0.87045,0.19031,0.22784,0.02585,3.5056e-05,3.5056e-05,3.5056e-05
658,80284,0.21618,0.22894,0.02585,0.95869,0.91241,0.94182,0.87051,0.19021,0.22791,0.02594,3.4957e-05,3.4957e-05,3.4957e-05
659,80407.6,0.21926,0.22843,0.02564,0.95881,0.9126,0.94184,0.87055,0.19012,0.22799,0.02596,3.4858e-05,3.4858e-05,3.4858e-05
660,80526.5,0.2218,0.2319,0.02716,0.95807,0.91306,0.94185,0.87044,0.19023,0.22794,0.02612,3.4759e-05,3.4759e-05,3.4759e-05
661,80647.5,0.21756,0.2297,0.02564,0.95803,0.91284,0.94179,0.87038,0.19042,0.22783,0.02605,3.466e-05,3.466e-05,3.466e-05
662,80767.2,0.22209,0.23034,0.02663,0.95824,0.91311,0.94178,0.87044,0.19014,0.22789,0.02594,3.4561e-05,3.4561e-05,3.4561e-05
663,80888,0.22013,0.22914,0.02667,0.95789,0.91336,0.94183,0.87039,0.1903,0.22782,0.02607,3.4462e-05,3.4462e-05,3.4462e-05
664,81008.1,0.21904,0.22761,0.02556,0.95756,0.9129,0.94169,0.87039,0.19044,0.22793,0.02605,3.4363e-05,3.4363e-05,3.4363e-05
665,81128.5,0.22083,0.22918,0.02681,0.95789,0.91352,0.94189,0.87059,0.19014,0.22789,0.02591,3.4264e-05,3.4264e-05,3.4264e-05
666,81251,0.22106,0.22938,0.02659,0.95921,0.91181,0.94176,0.87043,0.19027,0.22787,0.02593,3.4165e-05,3.4165e-05,3.4165e-05
667,81374.1,0.21805,0.2271,0.02623,0.95731,0.9138,0.94182,0.87053,0.1902,0.22769,0.0259,3.4066e-05,3.4066e-05,3.4066e-05
668,81495.3,0.21863,0.22891,0.02573,0.95911,0.91253,0.94179,0.87044,0.1903,0.22774,0.02607,3.3967e-05,3.3967e-05,3.3967e-05
669,81616.3,0.21971,0.22852,0.02628,0.95816,0.91287,0.9419,0.87053,0.18999,0.22783,0.02587,3.3868e-05,3.3868e-05,3.3868e-05
670,81737.8,0.22121,0.22712,0.02664,0.95871,0.91222,0.94169,0.87044,0.19029,0.22783,0.02597,3.3769e-05,3.3769e-05,3.3769e-05
671,81856.8,0.22373,0.22913,0.02771,0.95872,0.91231,0.94175,0.87039,0.19046,0.22755,0.02608,3.367e-05,3.367e-05,3.367e-05
672,81978,0.22234,0.22975,0.02614,0.95842,0.91303,0.94171,0.87044,0.19043,0.22741,0.02613,3.3571e-05,3.3571e-05,3.3571e-05
673,82098.1,0.21625,0.22813,0.02538,0.95821,0.9133,0.94186,0.87052,0.1904,0.22736,0.02604,3.3472e-05,3.3472e-05,3.3472e-05
674,82218.7,0.2232,0.22752,0.0274,0.95742,0.91387,0.94187,0.87058,0.19043,0.22751,0.02605,3.3373e-05,3.3373e-05,3.3373e-05
675,82339.9,0.21674,0.22663,0.0263,0.95765,0.91365,0.94184,0.87045,0.19025,0.22772,0.02588,3.3274e-05,3.3274e-05,3.3274e-05
676,82460.9,0.21596,0.22779,0.02578,0.95734,0.9137,0.94177,0.8704,0.19038,0.22754,0.02608,3.3175e-05,3.3175e-05,3.3175e-05
677,82583.7,0.2174,0.22559,0.02614,0.95675,0.91371,0.94163,0.87039,0.19073,0.22745,0.02618,3.3076e-05,3.3076e-05,3.3076e-05
678,82706.7,0.22193,0.22893,0.02647,0.95855,0.91222,0.94153,0.87035,0.19076,0.2274,0.02594,3.2977e-05,3.2977e-05,3.2977e-05
679,82828.1,0.22301,0.22804,0.02632,0.95701,0.91346,0.94157,0.87021,0.19117,0.22727,0.02611,3.2878e-05,3.2878e-05,3.2878e-05
680,82948.8,0.21712,0.22978,0.02516,0.95713,0.91329,0.94164,0.87027,0.19131,0.22732,0.02627,3.2779e-05,3.2779e-05,3.2779e-05
681,83072.1,0.21843,0.22766,0.02614,0.95893,0.9119,0.94152,0.8702,0.1913,0.22728,0.02613,3.268e-05,3.268e-05,3.268e-05
682,83193.5,0.217,0.22716,0.02741,0.95847,0.91225,0.94161,0.87031,0.19136,0.22727,0.02622,3.2581e-05,3.2581e-05,3.2581e-05
683,83316,0.21819,0.22771,0.02594,0.95858,0.91215,0.94151,0.87024,0.19141,0.2273,0.02618,3.2482e-05,3.2482e-05,3.2482e-05
684,83436.9,0.22131,0.22819,0.02591,0.95701,0.91323,0.94161,0.8703,0.19117,0.22732,0.02616,3.2383e-05,3.2383e-05,3.2383e-05
685,83557.5,0.21505,0.2282,0.02488,0.95852,0.91164,0.9414,0.87007,0.19145,0.22724,0.02642,3.2284e-05,3.2284e-05,3.2284e-05
686,83677.5,0.22061,0.22687,0.02689,0.95679,0.91278,0.94141,0.87014,0.19161,0.2273,0.02632,3.2185e-05,3.2185e-05,3.2185e-05
687,83798.3,0.21984,0.22866,0.02636,0.95815,0.91185,0.94148,0.87017,0.19172,0.22721,0.02634,3.2086e-05,3.2086e-05,3.2086e-05
688,83919,0.22065,0.22723,0.02638,0.95856,0.91163,0.94147,0.87003,0.19169,0.22728,0.02644,3.1987e-05,3.1987e-05,3.1987e-05
689,84040.2,0.21704,0.22858,0.02522,0.95872,0.91172,0.94141,0.87016,0.19154,0.22732,0.02635,3.1888e-05,3.1888e-05,3.1888e-05
690,84162.3,0.21868,0.22786,0.02598,0.95822,0.912,0.94145,0.87017,0.1914,0.22741,0.02626,3.1789e-05,3.1789e-05,3.1789e-05
691,84281.9,0.21443,0.22647,0.02478,0.95813,0.91181,0.94137,0.86996,0.19178,0.22736,0.02635,3.169e-05,3.169e-05,3.169e-05
692,84401.1,0.21947,0.22951,0.0263,0.95644,0.91289,0.94145,0.87004,0.19159,0.22737,0.02637,3.1591e-05,3.1591e-05,3.1591e-05
693,84523.5,0.22283,0.22718,0.02666,0.95866,0.91114,0.94133,0.86999,0.19145,0.22741,0.0264,3.1492e-05,3.1492e-05,3.1492e-05
694,84645.3,0.22129,0.22877,0.02672,0.95691,0.91259,0.94138,0.86993,0.19122,0.22754,0.02634,3.1393e-05,3.1393e-05,3.1393e-05
695,84768.3,0.21473,0.22707,0.02487,0.958,0.91193,0.94136,0.86995,0.19126,0.22744,0.02625,3.1294e-05,3.1294e-05,3.1294e-05
696,84887.7,0.22108,0.22785,0.02694,0.95761,0.9119,0.9414,0.86991,0.19105,0.22757,0.02616,3.1195e-05,3.1195e-05,3.1195e-05
697,85008.8,0.22252,0.22718,0.0266,0.95819,0.91142,0.94129,0.86984,0.19135,0.22739,0.02632,3.1096e-05,3.1096e-05,3.1096e-05
698,85130.1,0.21615,0.22577,0.02574,0.95814,0.9117,0.94129,0.86994,0.19082,0.22746,0.02621,3.0997e-05,3.0997e-05,3.0997e-05
699,85249.2,0.21883,0.22681,0.02588,0.95826,0.91151,0.94144,0.86993,0.19091,0.22748,0.02612,3.0898e-05,3.0898e-05,3.0898e-05
700,85372.7,0.21983,0.22665,0.02724,0.95845,0.91141,0.94153,0.87023,0.19107,0.22747,0.02628,3.0799e-05,3.0799e-05,3.0799e-05
701,85495.2,0.22015,0.22521,0.02632,0.95781,0.91225,0.94164,0.87013,0.19085,0.22743,0.02615,3.07e-05,3.07e-05,3.07e-05
702,85615.8,0.21878,0.22741,0.02643,0.95693,0.91304,0.94167,0.87027,0.19064,0.22757,0.0262,3.0601e-05,3.0601e-05,3.0601e-05
703,85734,0.21661,0.22735,0.0259,0.95722,0.91292,0.94163,0.87012,0.19066,0.22753,0.02614,3.0502e-05,3.0502e-05,3.0502e-05
704,85853,0.21875,0.22743,0.02599,0.95867,0.91101,0.94147,0.87,0.19076,0.22751,0.02617,3.0403e-05,3.0403e-05,3.0403e-05
705,85973.9,0.21868,0.22668,0.02593,0.95819,0.91134,0.94159,0.87011,0.19094,0.22751,0.02616,3.0304e-05,3.0304e-05,3.0304e-05
706,86095,0.21392,0.22801,0.02442,0.9587,0.9113,0.94149,0.87023,0.19084,0.22754,0.02613,3.0205e-05,3.0205e-05,3.0205e-05
707,86214.1,0.22058,0.22687,0.02603,0.95963,0.91062,0.94141,0.87002,0.19107,0.22731,0.02611,3.0106e-05,3.0106e-05,3.0106e-05
708,86333.8,0.22115,0.22776,0.02718,0.95929,0.9105,0.94133,0.87001,0.19105,0.22733,0.0262,3.0007e-05,3.0007e-05,3.0007e-05
709,86452.9,0.21588,0.22836,0.02523,0.95846,0.91165,0.94151,0.87015,0.19079,0.22759,0.02622,2.9908e-05,2.9908e-05,2.9908e-05
710,86574.4,0.21934,0.2277,0.02694,0.9585,0.91112,0.94142,0.87018,0.19069,0.22761,0.02624,2.9809e-05,2.9809e-05,2.9809e-05
711,86697.9,0.21801,0.22696,0.02646,0.95876,0.91116,0.94143,0.87014,0.19088,0.22741,0.02623,2.971e-05,2.971e-05,2.971e-05
712,86820.1,0.21624,0.22834,0.02602,0.95891,0.9112,0.94141,0.87023,0.19096,0.22737,0.02627,2.9611e-05,2.9611e-05,2.9611e-05
713,86939.3,0.2166,0.22717,0.02522,0.95843,0.91108,0.94134,0.87011,0.19107,0.22738,0.02614,2.9512e-05,2.9512e-05,2.9512e-05
714,87062.9,0.21721,0.22706,0.0244,0.95846,0.91082,0.94129,0.87015,0.19096,0.22742,0.02614,2.9413e-05,2.9413e-05,2.9413e-05
715,87185.3,0.21756,0.22724,0.02627,0.95988,0.90993,0.9413,0.87008,0.19108,0.22736,0.02622,2.9314e-05,2.9314e-05,2.9314e-05
716,87307,0.21704,0.22683,0.0252,0.95933,0.91012,0.94119,0.87001,0.19118,0.22729,0.02625,2.9215e-05,2.9215e-05,2.9215e-05
717,87427.9,0.21749,0.22712,0.02654,0.95958,0.91014,0.94127,0.87009,0.19098,0.22719,0.02628,2.9116e-05,2.9116e-05,2.9116e-05
718,87549.3,0.2228,0.2265,0.02705,0.95917,0.91028,0.94135,0.8702,0.19104,0.22713,0.02616,2.9017e-05,2.9017e-05,2.9017e-05
719,87672,0.22047,0.22623,0.02625,0.95908,0.91098,0.94144,0.87021,0.19086,0.2271,0.02617,2.8918e-05,2.8918e-05,2.8918e-05
720,87793.5,0.21855,0.22569,0.02649,0.9593,0.91035,0.94123,0.87011,0.19133,0.22699,0.02621,2.8819e-05,2.8819e-05,2.8819e-05
721,87914,0.21439,0.22687,0.02496,0.95915,0.91064,0.94133,0.87014,0.19117,0.22709,0.02615,2.872e-05,2.872e-05,2.872e-05
722,88036.4,0.21688,0.22583,0.02579,0.95924,0.91041,0.94127,0.8701,0.19154,0.22693,0.02626,2.8621e-05,2.8621e-05,2.8621e-05
723,88157.8,0.22075,0.22611,0.02593,0.95901,0.91057,0.94113,0.87007,0.19157,0.2269,0.02626,2.8522e-05,2.8522e-05,2.8522e-05
724,88280.4,0.21678,0.22549,0.02501,0.95965,0.91021,0.94101,0.87001,0.19196,0.2268,0.02638,2.8423e-05,2.8423e-05,2.8423e-05
725,88402.4,0.21619,0.22609,0.02525,0.95896,0.91057,0.94109,0.87004,0.19148,0.22707,0.0263,2.8324e-05,2.8324e-05,2.8324e-05
726,88523,0.21678,0.2254,0.0258,0.95893,0.91076,0.94104,0.87005,0.19171,0.227,0.02638,2.8225e-05,2.8225e-05,2.8225e-05
727,88643.8,0.21681,0.22565,0.02601,0.95914,0.91037,0.94111,0.87008,0.19196,0.22697,0.02641,2.8126e-05,2.8126e-05,2.8126e-05
728,88764.3,0.21922,0.22572,0.02717,0.95838,0.91127,0.94114,0.87007,0.19168,0.22683,0.02645,2.8027e-05,2.8027e-05,2.8027e-05
729,88885.8,0.21746,0.22637,0.02616,0.95946,0.9106,0.94111,0.87005,0.19163,0.22684,0.02649,2.7928e-05,2.7928e-05,2.7928e-05
730,89006.3,0.21536,0.22655,0.02472,0.95837,0.91174,0.94133,0.87021,0.19148,0.22707,0.02645,2.7829e-05,2.7829e-05,2.7829e-05
731,89127.3,0.21557,0.22693,0.02546,0.95884,0.91073,0.94122,0.87017,0.19146,0.22718,0.02633,2.773e-05,2.773e-05,2.773e-05
732,89247.5,0.21954,0.22836,0.02633,0.95859,0.91111,0.94133,0.87023,0.19141,0.22715,0.02644,2.7631e-05,2.7631e-05,2.7631e-05
733,89366.6,0.21715,0.22622,0.02596,0.95913,0.91094,0.94131,0.87033,0.19119,0.22703,0.02636,2.7532e-05,2.7532e-05,2.7532e-05
734,89487,0.21445,0.22647,0.02548,0.9591,0.91086,0.94108,0.87012,0.19129,0.22699,0.02625,2.7433e-05,2.7433e-05,2.7433e-05
735,89609,0.21222,0.22474,0.0242,0.95903,0.91071,0.94121,0.87019,0.1912,0.22719,0.0263,2.7334e-05,2.7334e-05,2.7334e-05
736,89730.6,0.22031,0.22724,0.02627,0.95881,0.9109,0.94117,0.87018,0.19112,0.22713,0.02624,2.7235e-05,2.7235e-05,2.7235e-05
737,89851.4,0.215,0.22629,0.02591,0.96004,0.90964,0.94109,0.87009,0.19159,0.22682,0.02626,2.7136e-05,2.7136e-05,2.7136e-05
738,89973.4,0.21635,0.2263,0.02505,0.95872,0.91098,0.94128,0.8703,0.19121,0.22698,0.02632,2.7037e-05,2.7037e-05,2.7037e-05
739,90093.2,0.21955,0.22669,0.02608,0.95864,0.91068,0.94119,0.87014,0.1912,0.22688,0.02622,2.6938e-05,2.6938e-05,2.6938e-05
740,90214.4,0.21614,0.22721,0.02514,0.95878,0.91089,0.94122,0.8702,0.19117,0.22695,0.02619,2.6839e-05,2.6839e-05,2.6839e-05
741,90336.9,0.21511,0.22687,0.02491,0.96017,0.91003,0.94115,0.87022,0.19125,0.22691,0.0264,2.674e-05,2.674e-05,2.674e-05
742,90456.3,0.21389,0.22721,0.0247,0.95891,0.91085,0.9412,0.87019,0.19093,0.22712,0.02632,2.6641e-05,2.6641e-05,2.6641e-05
743,90579.2,0.21492,0.22524,0.02512,0.95917,0.91079,0.94115,0.87025,0.19111,0.22688,0.0263,2.6542e-05,2.6542e-05,2.6542e-05
744,90699.5,0.21691,0.22712,0.02514,0.95874,0.9107,0.94121,0.87032,0.19106,0.22703,0.02627,2.6443e-05,2.6443e-05,2.6443e-05
745,90822.3,0.2148,0.22606,0.02581,0.95942,0.91003,0.94101,0.87022,0.19155,0.22682,0.02623,2.6344e-05,2.6344e-05,2.6344e-05
746,90942.2,0.21083,0.22597,0.02399,0.95833,0.91088,0.94119,0.87034,0.19127,0.22678,0.02626,2.6245e-05,2.6245e-05,2.6245e-05
747,91065.5,0.21104,0.22573,0.0237,0.96056,0.91003,0.94123,0.87035,0.19141,0.22679,0.02638,2.6146e-05,2.6146e-05,2.6146e-05
748,91185.2,0.2157,0.22569,0.02512,0.95937,0.9106,0.94113,0.87034,0.19146,0.22689,0.02629,2.6047e-05,2.6047e-05,2.6047e-05
749,91308.7,0.21533,0.22709,0.02457,0.95965,0.91038,0.94103,0.87031,0.19142,0.22675,0.02636,2.5948e-05,2.5948e-05,2.5948e-05
750,91429.6,0.21275,0.22575,0.02515,0.95955,0.91066,0.94125,0.87034,0.19109,0.22699,0.02623,2.5849e-05,2.5849e-05,2.5849e-05
751,91551.4,0.22284,0.22516,0.02726,0.95934,0.91055,0.94123,0.87038,0.19112,0.22704,0.02648,2.575e-05,2.575e-05,2.575e-05
752,91671.3,0.21462,0.22572,0.02556,0.95944,0.91016,0.94117,0.87038,0.19138,0.22699,0.02657,2.5651e-05,2.5651e-05,2.5651e-05
753,91789.6,0.21156,0.22703,0.02431,0.95961,0.91012,0.94113,0.8703,0.19161,0.22669,0.02646,2.5552e-05,2.5552e-05,2.5552e-05
754,91911.5,0.2115,0.22572,0.02504,0.96022,0.90949,0.9411,0.87033,0.19127,0.22683,0.0266,2.5453e-05,2.5453e-05,2.5453e-05
755,92031.6,0.21182,0.22524,0.02475,0.9601,0.90954,0.94109,0.87029,0.19143,0.22676,0.0266,2.5354e-05,2.5354e-05,2.5354e-05
756,92152.7,0.21514,0.22536,0.02546,0.95979,0.91043,0.94127,0.87042,0.19124,0.22676,0.02657,2.5255e-05,2.5255e-05,2.5255e-05
757,92275.7,0.20798,0.22627,0.02344,0.95965,0.91019,0.94132,0.87058,0.19084,0.22689,0.02641,2.5156e-05,2.5156e-05,2.5156e-05
758,92396.9,0.21223,0.22526,0.02538,0.9599,0.91031,0.94129,0.87069,0.19086,0.22683,0.02649,2.5057e-05,2.5057e-05,2.5057e-05
759,92521.2,0.21539,0.22467,0.0262,0.95958,0.91047,0.94136,0.87041,0.19101,0.22691,0.02648,2.4958e-05,2.4958e-05,2.4958e-05
760,92644.9,0.21094,0.22568,0.02379,0.95962,0.91027,0.94125,0.87033,0.19095,0.22693,0.02645,2.4859e-05,2.4859e-05,2.4859e-05
761,92762.2,0.20779,0.22738,0.02382,0.96013,0.91015,0.94133,0.87042,0.19106,0.2269,0.02635,2.476e-05,2.476e-05,2.476e-05
762,92880.4,0.20792,0.22616,0.02375,0.96055,0.90938,0.94111,0.87028,0.19128,0.22681,0.02642,2.4661e-05,2.4661e-05,2.4661e-05
763,93002.1,0.21449,0.22615,0.0255,0.96014,0.91006,0.94116,0.87035,0.19178,0.22664,0.02656,2.4562e-05,2.4562e-05,2.4562e-05
764,93123.3,0.21564,0.22602,0.02661,0.96045,0.90933,0.94125,0.87035,0.19168,0.22663,0.02658,2.4463e-05,2.4463e-05,2.4463e-05
765,93244.3,0.2116,0.22625,0.02427,0.96005,0.90973,0.94121,0.87039,0.19176,0.22662,0.02649,2.4364e-05,2.4364e-05,2.4364e-05
766,93365.8,0.21316,0.22413,0.0249,0.9602,0.90969,0.94113,0.87042,0.19166,0.22656,0.02642,2.4265e-05,2.4265e-05,2.4265e-05
767,93484.6,0.21637,0.2273,0.02543,0.96053,0.90917,0.94122,0.87041,0.19161,0.22658,0.02643,2.4166e-05,2.4166e-05,2.4166e-05
768,93606.2,0.21358,0.22756,0.02368,0.96095,0.90899,0.9412,0.87044,0.19132,0.22663,0.02631,2.4067e-05,2.4067e-05,2.4067e-05
769,93728.9,0.21512,0.22418,0.02575,0.96035,0.90977,0.94134,0.87068,0.19105,0.22682,0.02636,2.3968e-05,2.3968e-05,2.3968e-05
770,93850.7,0.21671,0.22629,0.02526,0.9606,0.90889,0.94128,0.87036,0.1914,0.22678,0.02632,2.3869e-05,2.3869e-05,2.3869e-05
771,93973.6,0.20868,0.22476,0.02411,0.95919,0.91057,0.94133,0.87064,0.19122,0.22671,0.02639,2.377e-05,2.377e-05,2.377e-05
772,94093.8,0.21729,0.22548,0.0252,0.95969,0.91051,0.94131,0.87067,0.19127,0.22675,0.0264,2.3671e-05,2.3671e-05,2.3671e-05
773,94215.3,0.21474,0.2261,0.02508,0.95972,0.91042,0.94112,0.87044,0.19134,0.22683,0.02632,2.3572e-05,2.3572e-05,2.3572e-05
774,94337.3,0.21253,0.22491,0.02475,0.96069,0.90924,0.94115,0.87047,0.19136,0.22706,0.02635,2.3473e-05,2.3473e-05,2.3473e-05
775,94459,0.21293,0.22564,0.02418,0.95979,0.91025,0.94123,0.87044,0.19149,0.22684,0.02661,2.3374e-05,2.3374e-05,2.3374e-05
776,94579.9,0.2077,0.22456,0.0232,0.95875,0.91101,0.94131,0.87048,0.1913,0.22665,0.02644,2.3275e-05,2.3275e-05,2.3275e-05
777,94699.5,0.21653,0.22585,0.02555,0.95944,0.91053,0.94126,0.87062,0.19145,0.2266,0.02647,2.3176e-05,2.3176e-05,2.3176e-05
778,94819.5,0.21341,0.22287,0.02489,0.95842,0.91152,0.94149,0.87073,0.19111,0.22673,0.02635,2.3077e-05,2.3077e-05,2.3077e-05
779,94942.4,0.21021,0.22431,0.02455,0.95901,0.91092,0.94141,0.87061,0.19115,0.22672,0.02633,2.2978e-05,2.2978e-05,2.2978e-05
780,95063.4,0.21374,0.22447,0.0257,0.95974,0.91082,0.9415,0.87084,0.19078,0.22675,0.02615,2.2879e-05,2.2879e-05,2.2879e-05
781,95186.7,0.21312,0.22476,0.02469,0.95935,0.90999,0.94133,0.87054,0.19096,0.2268,0.02621,2.278e-05,2.278e-05,2.278e-05
782,95307.4,0.21076,0.22416,0.02475,0.95939,0.91084,0.94138,0.87069,0.1906,0.22703,0.02615,2.2681e-05,2.2681e-05,2.2681e-05
783,95429.8,0.211,0.22417,0.02446,0.95969,0.91037,0.94137,0.87071,0.19109,0.22669,0.02633,2.2582e-05,2.2582e-05,2.2582e-05
784,95550.7,0.21245,0.22493,0.02536,0.95924,0.9105,0.94124,0.87062,0.19111,0.22658,0.02633,2.2483e-05,2.2483e-05,2.2483e-05
785,95672.4,0.21199,0.22415,0.02452,0.95897,0.9112,0.94143,0.87078,0.19093,0.22664,0.02631,2.2384e-05,2.2384e-05,2.2384e-05
786,95793.1,0.21223,0.22574,0.0244,0.95903,0.91095,0.94126,0.8707,0.19106,0.22665,0.0262,2.2285e-05,2.2285e-05,2.2285e-05
787,95917.1,0.20671,0.22233,0.02296,0.96,0.91025,0.94137,0.87069,0.19081,0.2268,0.02612,2.2186e-05,2.2186e-05,2.2186e-05
788,96036.9,0.21146,0.22452,0.02441,0.95885,0.91094,0.94137,0.87066,0.19085,0.22689,0.02622,2.2087e-05,2.2087e-05,2.2087e-05
789,96157.8,0.21014,0.22386,0.02404,0.95848,0.91168,0.94143,0.87074,0.19032,0.22693,0.02632,2.1988e-05,2.1988e-05,2.1988e-05
790,96279,0.21481,0.2233,0.02493,0.95895,0.91066,0.94125,0.87057,0.19125,0.22673,0.02644,2.1889e-05,2.1889e-05,2.1889e-05
791,96399.7,0.21254,0.22279,0.02507,0.95878,0.91094,0.94121,0.87052,0.19107,0.22661,0.0263,2.179e-05,2.179e-05,2.179e-05
792,96520.7,0.21359,0.22405,0.0252,0.95886,0.91121,0.94127,0.87079,0.19066,0.22668,0.02627,2.1691e-05,2.1691e-05,2.1691e-05
793,96640.7,0.21204,0.2247,0.02369,0.9603,0.91019,0.94122,0.87073,0.19096,0.22662,0.02641,2.1592e-05,2.1592e-05,2.1592e-05
794,96760.8,0.20999,0.22641,0.02341,0.95999,0.90997,0.94121,0.87074,0.19087,0.22654,0.02641,2.1493e-05,2.1493e-05,2.1493e-05
795,96881.8,0.21009,0.22398,0.02381,0.95954,0.91063,0.94135,0.87087,0.19033,0.22669,0.02632,2.1394e-05,2.1394e-05,2.1394e-05
796,97004.3,0.21183,0.22553,0.02344,0.96076,0.90904,0.94105,0.87061,0.19071,0.22665,0.0263,2.1295e-05,2.1295e-05,2.1295e-05
797,97124.9,0.20908,0.22553,0.02327,0.96074,0.90944,0.94118,0.87073,0.19051,0.22659,0.02631,2.1196e-05,2.1196e-05,2.1196e-05
798,97244.7,0.21466,0.22527,0.02541,0.96113,0.90971,0.94125,0.87071,0.19086,0.22667,0.02625,2.1097e-05,2.1097e-05,2.1097e-05
799,97365.1,0.21584,0.22444,0.02476,0.96084,0.90927,0.9411,0.87058,0.19126,0.22633,0.02638,2.0998e-05,2.0998e-05,2.0998e-05
800,97486.8,0.21431,0.22444,0.02546,0.96034,0.90997,0.94123,0.87067,0.19115,0.22646,0.02642,2.0899e-05,2.0899e-05,2.0899e-05
801,97608.9,0.20839,0.22437,0.02408,0.96033,0.90946,0.94111,0.87064,0.19156,0.22619,0.02641,2.08e-05,2.08e-05,2.08e-05
802,97730.2,0.21139,0.22282,0.02474,0.96062,0.90958,0.94113,0.87058,0.19154,0.22631,0.02644,2.0701e-05,2.0701e-05,2.0701e-05
803,97853.2,0.21021,0.22421,0.02476,0.96043,0.90963,0.94121,0.87071,0.19108,0.22645,0.02646,2.0602e-05,2.0602e-05,2.0602e-05
804,97974.8,0.21528,0.22347,0.02596,0.9598,0.91063,0.94126,0.87089,0.19095,0.22621,0.02646,2.0503e-05,2.0503e-05,2.0503e-05
805,98094.8,0.2084,0.22336,0.02413,0.96026,0.90958,0.94118,0.87069,0.19104,0.22623,0.02641,2.0404e-05,2.0404e-05,2.0404e-05
806,98216.2,0.21802,0.22496,0.0263,0.95955,0.91083,0.94133,0.87094,0.19075,0.22634,0.02649,2.0305e-05,2.0305e-05,2.0305e-05
807,98339.6,0.20676,0.22468,0.02328,0.96027,0.90976,0.94119,0.87075,0.19099,0.22637,0.02638,2.0206e-05,2.0206e-05,2.0206e-05
808,98461.2,0.20803,0.22519,0.02441,0.95895,0.91136,0.94128,0.87084,0.19107,0.22623,0.02646,2.0107e-05,2.0107e-05,2.0107e-05
809,98580.8,0.21104,0.22456,0.02403,0.95965,0.91021,0.94118,0.8708,0.19129,0.22622,0.02663,2.0008e-05,2.0008e-05,2.0008e-05
810,98700.8,0.21382,0.225,0.0251,0.95959,0.91035,0.9412,0.87074,0.19114,0.22613,0.02665,1.9909e-05,1.9909e-05,1.9909e-05
811,98821.4,0.2138,0.22491,0.02474,0.95923,0.91096,0.94112,0.8706,0.19132,0.22604,0.02664,1.981e-05,1.981e-05,1.981e-05
812,98941.7,0.21126,0.22335,0.02447,0.95949,0.9105,0.94112,0.87078,0.191,0.22617,0.02645,1.9711e-05,1.9711e-05,1.9711e-05
813,99062.5,0.21338,0.22302,0.02505,0.95986,0.90993,0.94104,0.87068,0.19135,0.22604,0.0267,1.9612e-05,1.9612e-05,1.9612e-05
814,99183.4,0.20833,0.22521,0.02465,0.95896,0.91127,0.94107,0.87075,0.19137,0.22601,0.02673,1.9513e-05,1.9513e-05,1.9513e-05
815,99305.8,0.20785,0.22358,0.02353,0.95876,0.91123,0.94109,0.87077,0.19131,0.22582,0.02668,1.9414e-05,1.9414e-05,1.9414e-05
816,99426.7,0.21096,0.2246,0.02427,0.95784,0.91149,0.94106,0.8707,0.19155,0.22583,0.02676,1.9315e-05,1.9315e-05,1.9315e-05
817,99547.5,0.21132,0.22468,0.0238,0.95869,0.91108,0.94111,0.87059,0.19147,0.22586,0.02687,1.9216e-05,1.9216e-05,1.9216e-05
818,99669.4,0.21593,0.22433,0.02513,0.95909,0.91063,0.94114,0.87055,0.19173,0.22578,0.02688,1.9117e-05,1.9117e-05,1.9117e-05
819,99791.5,0.20899,0.22447,0.02392,0.95842,0.91133,0.94122,0.87077,0.19147,0.22588,0.02683,1.9018e-05,1.9018e-05,1.9018e-05
820,99916.2,0.20565,0.22388,0.02332,0.95878,0.91083,0.94113,0.87067,0.1916,0.22584,0.02685,1.8919e-05,1.8919e-05,1.8919e-05
821,100038,0.21411,0.22415,0.0256,0.95916,0.91,0.94091,0.87058,0.19179,0.22585,0.02685,1.882e-05,1.882e-05,1.882e-05
822,100159,0.20387,0.22505,0.0222,0.95753,0.91159,0.94111,0.87059,0.19178,0.2259,0.0269,1.8721e-05,1.8721e-05,1.8721e-05
823,100281,0.20797,0.22394,0.02359,0.95677,0.91242,0.94104,0.87049,0.19174,0.22592,0.02689,1.8622e-05,1.8622e-05,1.8622e-05
824,100404,0.21448,0.22288,0.02537,0.95702,0.91266,0.94124,0.87072,0.19164,0.22592,0.02683,1.8523e-05,1.8523e-05,1.8523e-05
825,100523,0.21092,0.22307,0.02485,0.95877,0.91061,0.94092,0.87047,0.19194,0.22589,0.0269,1.8424e-05,1.8424e-05,1.8424e-05
826,100647,0.21194,0.2213,0.0254,0.95916,0.91066,0.94111,0.87076,0.19151,0.2261,0.027,1.8325e-05,1.8325e-05,1.8325e-05
827,100768,0.20764,0.22306,0.02385,0.95854,0.91128,0.94116,0.87076,0.19151,0.22594,0.02703,1.8226e-05,1.8226e-05,1.8226e-05
828,100890,0.20613,0.22412,0.02361,0.95901,0.91034,0.94104,0.87064,0.1914,0.226,0.02703,1.8127e-05,1.8127e-05,1.8127e-05
829,101009,0.20977,0.22445,0.02405,0.95904,0.91091,0.94112,0.87067,0.19148,0.22597,0.02712,1.8028e-05,1.8028e-05,1.8028e-05
830,101128,0.21202,0.22401,0.02406,0.95882,0.91101,0.94102,0.8706,0.19157,0.22587,0.02719,1.7929e-05,1.7929e-05,1.7929e-05
831,101250,0.21165,0.22402,0.02483,0.95723,0.91225,0.94127,0.87081,0.19103,0.22611,0.02711,1.783e-05,1.783e-05,1.783e-05
832,101372,0.20312,0.22266,0.02276,0.95789,0.91166,0.94113,0.87086,0.1913,0.22606,0.0272,1.7731e-05,1.7731e-05,1.7731e-05
833,101492,0.20942,0.22389,0.02404,0.95894,0.91066,0.94104,0.87079,0.19134,0.22593,0.0272,1.7632e-05,1.7632e-05,1.7632e-05
834,101613,0.21199,0.22378,0.02462,0.95781,0.91145,0.94096,0.87055,0.19156,0.22576,0.02728,1.7533e-05,1.7533e-05,1.7533e-05
835,101733,0.2073,0.22449,0.02297,0.9576,0.91244,0.94107,0.87069,0.19119,0.22595,0.02718,1.7434e-05,1.7434e-05,1.7434e-05
836,101854,0.21499,0.22237,0.02614,0.95791,0.9115,0.94104,0.87056,0.19136,0.22589,0.02729,1.7335e-05,1.7335e-05,1.7335e-05
837,101974,0.21236,0.22417,0.02472,0.95812,0.91171,0.94094,0.87071,0.19123,0.22592,0.02725,1.7236e-05,1.7236e-05,1.7236e-05
838,102097,0.20993,0.22325,0.0251,0.95806,0.91193,0.94107,0.87075,0.19128,0.22595,0.02733,1.7137e-05,1.7137e-05,1.7137e-05
839,102219,0.20864,0.22126,0.02358,0.95837,0.91168,0.94114,0.87084,0.19136,0.22592,0.02738,1.7038e-05,1.7038e-05,1.7038e-05
840,102341,0.20665,0.22364,0.02344,0.95855,0.91158,0.94101,0.87083,0.19135,0.22603,0.02733,1.6939e-05,1.6939e-05,1.6939e-05
841,102462,0.21202,0.22328,0.02391,0.9578,0.91155,0.9409,0.87055,0.19173,0.22592,0.02746,1.684e-05,1.684e-05,1.684e-05
842,102582,0.20445,0.22348,0.02359,0.95798,0.91154,0.94103,0.87078,0.19146,0.22606,0.02726,1.6741e-05,1.6741e-05,1.6741e-05
843,102705,0.20687,0.22263,0.0239,0.95841,0.91133,0.94085,0.87057,0.1917,0.22587,0.02739,1.6642e-05,1.6642e-05,1.6642e-05
844,102826,0.20898,0.22332,0.02439,0.95728,0.91231,0.94101,0.87089,0.19124,0.22594,0.02728,1.6543e-05,1.6543e-05,1.6543e-05
845,102945,0.20888,0.22371,0.02394,0.95835,0.9121,0.94104,0.87086,0.19137,0.226,0.02734,1.6444e-05,1.6444e-05,1.6444e-05
846,103067,0.2113,0.22268,0.02473,0.95719,0.91304,0.94111,0.87092,0.19122,0.22591,0.02728,1.6345e-05,1.6345e-05,1.6345e-05
847,103188,0.20838,0.22331,0.02416,0.95829,0.91219,0.94099,0.87085,0.19118,0.22613,0.02724,1.6246e-05,1.6246e-05,1.6246e-05
848,103309,0.20844,0.22419,0.02452,0.95762,0.91263,0.94102,0.87092,0.19108,0.22606,0.02709,1.6147e-05,1.6147e-05,1.6147e-05
849,103428,0.21165,0.22367,0.0255,0.95752,0.91241,0.94107,0.87092,0.19104,0.22608,0.02718,1.6048e-05,1.6048e-05,1.6048e-05
850,103547,0.20782,0.22199,0.0241,0.95788,0.91218,0.94112,0.87093,0.19098,0.22621,0.02718,1.5949e-05,1.5949e-05,1.5949e-05
851,103668,0.20863,0.22232,0.02411,0.95768,0.91268,0.94112,0.87103,0.19109,0.22611,0.02724,1.585e-05,1.585e-05,1.585e-05
852,103790,0.20827,0.22293,0.02352,0.95755,0.91225,0.94112,0.87097,0.19118,0.2258,0.02719,1.5751e-05,1.5751e-05,1.5751e-05
853,103912,0.21093,0.22304,0.02474,0.95846,0.91155,0.94089,0.87068,0.19129,0.22567,0.02714,1.5652e-05,1.5652e-05,1.5652e-05
854,104034,0.21071,0.22158,0.02481,0.95821,0.91181,0.94096,0.87098,0.19111,0.22602,0.02712,1.5553e-05,1.5553e-05,1.5553e-05
855,104154,0.21308,0.22384,0.0251,0.95866,0.91188,0.941,0.87083,0.19108,0.22579,0.02713,1.5454e-05,1.5454e-05,1.5454e-05
856,104276,0.20833,0.22178,0.02368,0.95888,0.91185,0.94115,0.87119,0.19083,0.22584,0.02699,1.5355e-05,1.5355e-05,1.5355e-05
857,104398,0.20974,0.22244,0.02441,0.95773,0.91304,0.94121,0.87126,0.19105,0.22575,0.02708,1.5256e-05,1.5256e-05,1.5256e-05
858,104520,0.20737,0.22397,0.02379,0.95842,0.91217,0.94121,0.8714,0.19095,0.22559,0.02716,1.5157e-05,1.5157e-05,1.5157e-05
859,104639,0.20724,0.22355,0.0233,0.95802,0.91254,0.9411,0.87131,0.19096,0.22555,0.02716,1.5058e-05,1.5058e-05,1.5058e-05
860,104760,0.21019,0.22298,0.02433,0.9579,0.91262,0.9411,0.87133,0.19085,0.2257,0.02714,1.4959e-05,1.4959e-05,1.4959e-05
861,104880,0.20492,0.2224,0.02288,0.95696,0.91352,0.94111,0.87138,0.19104,0.22556,0.02713,1.486e-05,1.486e-05,1.486e-05
862,105000,0.20872,0.22209,0.02388,0.95808,0.91245,0.94108,0.87128,0.1908,0.2258,0.02709,1.4761e-05,1.4761e-05,1.4761e-05
863,105121,0.21175,0.22248,0.02424,0.95754,0.91322,0.94127,0.8714,0.19043,0.22579,0.02692,1.4662e-05,1.4662e-05,1.4662e-05
864,105244,0.20504,0.22275,0.02281,0.95769,0.91304,0.94113,0.87125,0.1907,0.22573,0.02689,1.4563e-05,1.4563e-05,1.4563e-05
865,105364,0.20992,0.22336,0.02393,0.9562,0.91458,0.94117,0.87115,0.19098,0.2256,0.027,1.4464e-05,1.4464e-05,1.4464e-05
866,105484,0.20692,0.22294,0.02353,0.95673,0.9139,0.94116,0.87115,0.19092,0.22569,0.02699,1.4365e-05,1.4365e-05,1.4365e-05
867,105603,0.20857,0.22253,0.02538,0.95811,0.91232,0.94106,0.87124,0.191,0.22549,0.02703,1.4266e-05,1.4266e-05,1.4266e-05
868,105725,0.20523,0.22036,0.02299,0.95636,0.91434,0.94118,0.87136,0.19043,0.22564,0.0269,1.4167e-05,1.4167e-05,1.4167e-05
869,105846,0.20835,0.22326,0.02467,0.95834,0.91269,0.9411,0.87137,0.19023,0.22579,0.02688,1.4068e-05,1.4068e-05,1.4068e-05
870,105964,0.21081,0.22311,0.02451,0.95823,0.91311,0.9412,0.87145,0.19036,0.22579,0.02687,1.3969e-05,1.3969e-05,1.3969e-05
871,106085,0.20801,0.22229,0.02417,0.95766,0.91288,0.941,0.87143,0.19016,0.22591,0.02682,1.387e-05,1.387e-05,1.387e-05
872,106204,0.2041,0.22277,0.02279,0.95723,0.91355,0.94113,0.87149,0.1906,0.22593,0.02691,1.3771e-05,1.3771e-05,1.3771e-05
873,106325,0.20842,0.22242,0.0241,0.95825,0.91275,0.94118,0.87152,0.19039,0.22579,0.02692,1.3672e-05,1.3672e-05,1.3672e-05
874,106445,0.20663,0.22261,0.02397,0.95799,0.91279,0.94117,0.87142,0.19058,0.22588,0.02692,1.3573e-05,1.3573e-05,1.3573e-05
875,106565,0.20486,0.22424,0.0228,0.95725,0.91308,0.94113,0.8714,0.19048,0.22574,0.02687,1.3474e-05,1.3474e-05,1.3474e-05
876,106688,0.20758,0.22343,0.02375,0.95681,0.91391,0.94128,0.87154,0.19047,0.22592,0.02706,1.3375e-05,1.3375e-05,1.3375e-05
877,106807,0.20534,0.22213,0.02342,0.95763,0.91313,0.9412,0.87151,0.19053,0.2257,0.02703,1.3276e-05,1.3276e-05,1.3276e-05
878,106928,0.2119,0.22036,0.02481,0.95734,0.913,0.94119,0.87149,0.19061,0.22552,0.02697,1.3177e-05,1.3177e-05,1.3177e-05
879,107051,0.20666,0.22241,0.02361,0.95767,0.91336,0.94116,0.87154,0.19045,0.22569,0.02686,1.3078e-05,1.3078e-05,1.3078e-05
880,107171,0.20609,0.2225,0.02301,0.95613,0.91425,0.9413,0.87163,0.1902,0.22566,0.02681,1.2979e-05,1.2979e-05,1.2979e-05
881,107295,0.20557,0.22081,0.02328,0.95684,0.91401,0.94126,0.87156,0.19024,0.22583,0.02672,1.288e-05,1.288e-05,1.288e-05
882,107417,0.20923,0.22271,0.0238,0.9575,0.9139,0.94134,0.87152,0.18986,0.22587,0.02673,1.2781e-05,1.2781e-05,1.2781e-05
883,107537,0.20608,0.22158,0.0236,0.95775,0.91373,0.94134,0.87154,0.18977,0.22595,0.02672,1.2682e-05,1.2682e-05,1.2682e-05
884,107657,0.20377,0.22256,0.0226,0.95739,0.91419,0.94129,0.87158,0.18991,0.22579,0.02683,1.2583e-05,1.2583e-05,1.2583e-05
885,107777,0.20267,0.22157,0.02266,0.95808,0.91288,0.94125,0.87161,0.1897,0.22612,0.02676,1.2484e-05,1.2484e-05,1.2484e-05
886,107897,0.20949,0.22388,0.02377,0.95819,0.91269,0.94122,0.87158,0.18993,0.22599,0.02673,1.2385e-05,1.2385e-05,1.2385e-05
887,108017,0.21179,0.22339,0.02524,0.95712,0.91441,0.94151,0.87183,0.1894,0.22612,0.02674,1.2286e-05,1.2286e-05,1.2286e-05
888,108140,0.20364,0.22219,0.02309,0.95801,0.91361,0.94144,0.8719,0.18929,0.22598,0.02669,1.2187e-05,1.2187e-05,1.2187e-05
889,108261,0.20348,0.22172,0.02315,0.95722,0.91453,0.94154,0.87194,0.18932,0.2261,0.02677,1.2088e-05,1.2088e-05,1.2088e-05
890,108381,0.20391,0.22053,0.02256,0.95709,0.91507,0.94164,0.87196,0.1893,0.22603,0.02677,1.1989e-05,1.1989e-05,1.1989e-05
891,108501,0.2048,0.22399,0.02342,0.95718,0.91517,0.94161,0.87198,0.18905,0.22603,0.0268,1.189e-05,1.189e-05,1.189e-05
892,108619,0.20231,0.22275,0.02237,0.95697,0.91511,0.94164,0.87196,0.18905,0.22587,0.02684,1.1791e-05,1.1791e-05,1.1791e-05
893,108740,0.20691,0.2213,0.02329,0.95715,0.91498,0.94163,0.87192,0.18916,0.22582,0.02678,1.1692e-05,1.1692e-05,1.1692e-05
894,108861,0.207,0.22096,0.02391,0.95732,0.91457,0.94155,0.87189,0.18916,0.22604,0.02684,1.1593e-05,1.1593e-05,1.1593e-05
895,108981,0.20215,0.22097,0.02266,0.95679,0.91485,0.94152,0.87195,0.18925,0.22604,0.02677,1.1494e-05,1.1494e-05,1.1494e-05
896,109103,0.20356,0.22328,0.02286,0.9573,0.9149,0.94158,0.87198,0.18919,0.22596,0.02678,1.1395e-05,1.1395e-05,1.1395e-05
897,109223,0.20542,0.22122,0.0233,0.95714,0.91507,0.94159,0.87194,0.18884,0.22617,0.02678,1.1296e-05,1.1296e-05,1.1296e-05
898,109345,0.20219,0.22242,0.02235,0.95686,0.91454,0.9415,0.87193,0.18889,0.22623,0.02674,1.1197e-05,1.1197e-05,1.1197e-05
899,109465,0.20538,0.22198,0.02323,0.95683,0.91515,0.94156,0.87208,0.18905,0.22596,0.02694,1.1098e-05,1.1098e-05,1.1098e-05
900,109588,0.20554,0.22218,0.02405,0.95745,0.91469,0.94144,0.87212,0.18891,0.22612,0.02689,1.0999e-05,1.0999e-05,1.0999e-05
901,109709,0.20609,0.22155,0.02323,0.95758,0.91434,0.94146,0.87205,0.18869,0.22608,0.02682,1.09e-05,1.09e-05,1.09e-05
902,109831,0.2068,0.22161,0.02377,0.95722,0.91492,0.94151,0.87222,0.18874,0.22596,0.02689,1.0801e-05,1.0801e-05,1.0801e-05
903,109954,0.19695,0.22003,0.02217,0.95708,0.91501,0.9415,0.87226,0.18858,0.22599,0.02687,1.0702e-05,1.0702e-05,1.0702e-05
904,110074,0.20579,0.22202,0.02359,0.95785,0.91456,0.94147,0.87226,0.18881,0.2259,0.02678,1.0603e-05,1.0603e-05,1.0603e-05
905,110196,0.20201,0.22065,0.02313,0.95789,0.9147,0.94151,0.87222,0.18891,0.22575,0.02681,1.0504e-05,1.0504e-05,1.0504e-05
906,110314,0.20594,0.22089,0.02421,0.95697,0.91511,0.94157,0.87215,0.1889,0.22584,0.02687,1.0405e-05,1.0405e-05,1.0405e-05
907,110439,0.19906,0.22065,0.02212,0.95856,0.91321,0.9414,0.87219,0.18895,0.22578,0.02689,1.0306e-05,1.0306e-05,1.0306e-05
908,110560,0.20771,0.22204,0.02375,0.95703,0.91517,0.94154,0.87228,0.18886,0.22579,0.02677,1.0207e-05,1.0207e-05,1.0207e-05
909,110683,0.20554,0.22098,0.0235,0.95832,0.9136,0.94148,0.87228,0.18874,0.22582,0.02676,1.0108e-05,1.0108e-05,1.0108e-05
910,110803,0.20418,0.22267,0.02271,0.95722,0.91529,0.94159,0.87232,0.18858,0.22588,0.02678,1.0009e-05,1.0009e-05,1.0009e-05
911,110923,0.20409,0.22013,0.02247,0.95643,0.91571,0.94167,0.87236,0.18856,0.22593,0.02674,9.91e-06,9.91e-06,9.91e-06
912,111048,0.19964,0.22013,0.02244,0.95624,0.91539,0.94147,0.87232,0.18863,0.22592,0.02675,9.811e-06,9.811e-06,9.811e-06
913,111168,0.20648,0.22073,0.02342,0.956,0.91542,0.94148,0.87227,0.18872,0.22592,0.02683,9.712e-06,9.712e-06,9.712e-06
914,111289,0.20646,0.2205,0.02279,0.95588,0.91507,0.9413,0.87219,0.18881,0.22583,0.02672,9.613e-06,9.613e-06,9.613e-06
915,111409,0.20091,0.22157,0.02239,0.95599,0.9154,0.94138,0.87222,0.18908,0.2258,0.02681,9.514e-06,9.514e-06,9.514e-06
916,111532,0.20476,0.2218,0.02265,0.95613,0.91572,0.94152,0.87232,0.18903,0.22579,0.02682,9.415e-06,9.415e-06,9.415e-06
917,111653,0.20376,0.22103,0.02321,0.95729,0.91416,0.94133,0.87217,0.18913,0.22581,0.02672,9.316e-06,9.316e-06,9.316e-06
918,111773,0.20486,0.22176,0.02398,0.95633,0.91539,0.94152,0.87231,0.18916,0.2258,0.02675,9.217e-06,9.217e-06,9.217e-06
919,111893,0.20713,0.22148,0.02474,0.95845,0.91356,0.94147,0.87231,0.18915,0.22586,0.02679,9.118e-06,9.118e-06,9.118e-06
920,112014,0.2026,0.22076,0.02321,0.95801,0.91374,0.94127,0.87222,0.18954,0.22564,0.02689,9.019e-06,9.019e-06,9.019e-06
921,112134,0.20814,0.22159,0.02411,0.95793,0.91421,0.94138,0.87215,0.1894,0.22579,0.02686,8.92e-06,8.92e-06,8.92e-06
922,112255,0.20475,0.2207,0.02341,0.95796,0.91413,0.94135,0.87218,0.18935,0.22583,0.02676,8.821e-06,8.821e-06,8.821e-06
923,112375,0.20884,0.22205,0.02378,0.95838,0.91339,0.94136,0.87214,0.18905,0.22583,0.0267,8.722e-06,8.722e-06,8.722e-06
924,112494,0.20464,0.22115,0.02351,0.9572,0.91479,0.94139,0.87226,0.18912,0.22575,0.02697,8.623e-06,8.623e-06,8.623e-06
925,112616,0.20744,0.22095,0.02412,0.9574,0.91436,0.94141,0.87229,0.18896,0.22584,0.0268,8.524e-06,8.524e-06,8.524e-06
926,112733,0.20692,0.22118,0.02358,0.95768,0.91422,0.9414,0.87223,0.18929,0.22569,0.02693,8.425e-06,8.425e-06,8.425e-06
927,112854,0.20789,0.21993,0.02503,0.95655,0.91515,0.94141,0.87225,0.18959,0.22567,0.02696,8.326e-06,8.326e-06,8.326e-06
928,112975,0.205,0.22099,0.02409,0.95673,0.91505,0.94145,0.8723,0.18925,0.22572,0.02693,8.227e-06,8.227e-06,8.227e-06
929,113098,0.20783,0.22,0.02374,0.95741,0.91469,0.94143,0.87221,0.18945,0.22565,0.02692,8.128e-06,8.128e-06,8.128e-06
930,113218,0.20481,0.22105,0.02386,0.95847,0.91342,0.94137,0.87223,0.18941,0.22579,0.02682,8.029e-06,8.029e-06,8.029e-06
931,113340,0.20585,0.2209,0.02317,0.95724,0.91457,0.94134,0.87219,0.1895,0.22576,0.02689,7.93e-06,7.93e-06,7.93e-06
932,113462,0.20596,0.22162,0.02378,0.95739,0.91431,0.94142,0.87229,0.18949,0.22574,0.02691,7.831e-06,7.831e-06,7.831e-06
933,113582,0.2067,0.2211,0.02354,0.95617,0.91596,0.94152,0.87235,0.18905,0.22573,0.02671,7.732e-06,7.732e-06,7.732e-06
934,113705,0.20612,0.22167,0.02329,0.95869,0.91321,0.94139,0.87233,0.18935,0.22591,0.02685,7.633e-06,7.633e-06,7.633e-06
935,113830,0.20171,0.21905,0.02262,0.9577,0.91434,0.94133,0.87227,0.18946,0.22599,0.02688,7.534e-06,7.534e-06,7.534e-06
936,113954,0.20178,0.22098,0.02276,0.95819,0.91427,0.94142,0.87234,0.18942,0.22592,0.02682,7.435e-06,7.435e-06,7.435e-06
937,114076,0.20732,0.22163,0.02354,0.9575,0.91442,0.94137,0.87229,0.18957,0.22588,0.02693,7.336e-06,7.336e-06,7.336e-06
938,114197,0.20538,0.22146,0.0234,0.95726,0.91476,0.94148,0.87225,0.18939,0.22595,0.02685,7.237e-06,7.237e-06,7.237e-06
939,114314,0.20482,0.2212,0.02344,0.9574,0.9153,0.94152,0.87235,0.18933,0.22596,0.02689,7.138e-06,7.138e-06,7.138e-06
940,114436,0.20326,0.21989,0.02342,0.9572,0.9152,0.94151,0.8723,0.18975,0.2257,0.02692,7.039e-06,7.039e-06,7.039e-06
941,114558,0.20257,0.22118,0.02226,0.95799,0.914,0.94126,0.87221,0.18986,0.22566,0.02684,6.94e-06,6.94e-06,6.94e-06
942,114679,0.20386,0.22102,0.02203,0.9583,0.91445,0.94139,0.87229,0.1898,0.22569,0.02702,6.841e-06,6.841e-06,6.841e-06
943,114800,0.20373,0.21995,0.02305,0.95716,0.91485,0.94134,0.87223,0.18966,0.22569,0.02684,6.742e-06,6.742e-06,6.742e-06
944,114919,0.20302,0.222,0.02266,0.957,0.91476,0.94136,0.8722,0.18972,0.22565,0.02693,6.643e-06,6.643e-06,6.643e-06
945,115038,0.20278,0.22183,0.0226,0.95819,0.91423,0.94133,0.87227,0.18971,0.22563,0.0268,6.544e-06,6.544e-06,6.544e-06
946,115160,0.20398,0.21991,0.02309,0.9574,0.91505,0.94139,0.8723,0.18971,0.22561,0.02686,6.445e-06,6.445e-06,6.445e-06
947,115282,0.20096,0.22179,0.02202,0.9576,0.91463,0.94141,0.87229,0.1895,0.22577,0.0268,6.346e-06,6.346e-06,6.346e-06
948,115402,0.20939,0.22086,0.02384,0.95774,0.91487,0.94149,0.87238,0.18919,0.22577,0.02683,6.247e-06,6.247e-06,6.247e-06
949,115526,0.20207,0.21888,0.02316,0.95816,0.91466,0.9414,0.87243,0.18919,0.22572,0.02677,6.148e-06,6.148e-06,6.148e-06
950,115647,0.20466,0.22125,0.02313,0.95755,0.9149,0.9414,0.87236,0.18927,0.22567,0.02667,6.049e-06,6.049e-06,6.049e-06
951,115769,0.2049,0.22089,0.02253,0.95765,0.91476,0.94144,0.87243,0.18929,0.22561,0.02675,5.95e-06,5.95e-06,5.95e-06
952,115889,0.20034,0.22117,0.02256,0.95728,0.91517,0.94155,0.87255,0.18883,0.22569,0.02667,5.851e-06,5.851e-06,5.851e-06
953,116011,0.20303,0.21987,0.02309,0.95744,0.91504,0.94151,0.87253,0.18878,0.22574,0.02661,5.752e-06,5.752e-06,5.752e-06
954,116132,0.20494,0.22165,0.02339,0.95739,0.9152,0.94156,0.87259,0.1885,0.22572,0.02654,5.653e-06,5.653e-06,5.653e-06
955,116253,0.20806,0.22169,0.02375,0.95745,0.91536,0.94161,0.87256,0.18883,0.22557,0.02664,5.554e-06,5.554e-06,5.554e-06
956,116373,0.2039,0.22195,0.02264,0.95759,0.91512,0.94145,0.87255,0.18836,0.22572,0.02648,5.455e-06,5.455e-06,5.455e-06
957,116494,0.20565,0.22048,0.02276,0.95743,0.91501,0.94152,0.87256,0.18832,0.22576,0.02652,5.356e-06,5.356e-06,5.356e-06
958,116616,0.20641,0.22049,0.02392,0.95809,0.91444,0.94147,0.87258,0.18856,0.22569,0.0266,5.257e-06,5.257e-06,5.257e-06
959,116737,0.20576,0.22305,0.02296,0.95797,0.91501,0.94148,0.87263,0.18849,0.22567,0.02656,5.158e-06,5.158e-06,5.158e-06
960,116858,0.2077,0.22063,0.02359,0.95772,0.9146,0.94147,0.8726,0.18842,0.22584,0.0266,5.059e-06,5.059e-06,5.059e-06
961,116979,0.20892,0.22213,0.02425,0.95789,0.91507,0.94163,0.87265,0.18835,0.22583,0.02651,4.96e-06,4.96e-06,4.96e-06
962,117096,0.20726,0.22317,0.02318,0.95797,0.91479,0.94148,0.87269,0.18828,0.22572,0.02654,4.861e-06,4.861e-06,4.861e-06
963,117219,0.20583,0.22062,0.02323,0.95741,0.91507,0.94154,0.87277,0.1881,0.22591,0.02643,4.762e-06,4.762e-06,4.762e-06
964,117341,0.20268,0.22042,0.02304,0.95807,0.91473,0.9415,0.87265,0.18826,0.22566,0.02641,4.663e-06,4.663e-06,4.663e-06
965,117462,0.20445,0.22057,0.02287,0.95778,0.91432,0.94139,0.87269,0.18825,0.2258,0.02643,4.564e-06,4.564e-06,4.564e-06
966,117584,0.20235,0.21908,0.02351,0.95767,0.91428,0.9415,0.87275,0.18813,0.22574,0.0264,4.465e-06,4.465e-06,4.465e-06
967,117705,0.20228,0.22033,0.02207,0.95736,0.91495,0.9415,0.87272,0.18797,0.22564,0.02643,4.366e-06,4.366e-06,4.366e-06
968,117826,0.20623,0.22056,0.02366,0.9578,0.91514,0.94157,0.8728,0.18794,0.22567,0.02643,4.267e-06,4.267e-06,4.267e-06
969,117946,0.20556,0.22131,0.02358,0.95726,0.91543,0.94161,0.87283,0.18796,0.22574,0.02636,4.168e-06,4.168e-06,4.168e-06
970,118069,0.20198,0.22131,0.02294,0.95803,0.9143,0.94145,0.87275,0.18841,0.22563,0.02653,4.069e-06,4.069e-06,4.069e-06
971,118188,0.20043,0.22071,0.02239,0.95799,0.91434,0.94139,0.87273,0.18846,0.22558,0.02657,3.97e-06,3.97e-06,3.97e-06
972,118310,0.20306,0.22065,0.02265,0.95807,0.91454,0.94148,0.87275,0.18833,0.22566,0.02643,3.871e-06,3.871e-06,3.871e-06
973,118429,0.20673,0.22143,0.02378,0.9578,0.91454,0.94142,0.87278,0.18833,0.22559,0.0264,3.772e-06,3.772e-06,3.772e-06
974,118551,0.20447,0.2204,0.02261,0.95781,0.91438,0.9413,0.87272,0.1885,0.22562,0.02646,3.673e-06,3.673e-06,3.673e-06
975,118672,0.20317,0.22014,0.02356,0.95751,0.91467,0.94132,0.87274,0.18843,0.22561,0.02646,3.574e-06,3.574e-06,3.574e-06
976,118796,0.20269,0.22055,0.0227,0.9577,0.91485,0.94141,0.87282,0.18835,0.22557,0.02643,3.475e-06,3.475e-06,3.475e-06
977,118917,0.20521,0.22111,0.02329,0.95754,0.91501,0.9414,0.87284,0.18824,0.22558,0.02641,3.376e-06,3.376e-06,3.376e-06
978,119037,0.20526,0.22042,0.02377,0.95752,0.91501,0.94142,0.87282,0.18817,0.22563,0.02644,3.277e-06,3.277e-06,3.277e-06
979,119159,0.20393,0.22063,0.02287,0.95787,0.91463,0.94135,0.87283,0.18833,0.22552,0.02637,3.178e-06,3.178e-06,3.178e-06
980,119280,0.20242,0.21966,0.0223,0.95794,0.91498,0.94156,0.87295,0.18784,0.22543,0.02633,3.079e-06,3.079e-06,3.079e-06
981,119402,0.20804,0.22075,0.02447,0.95775,0.91509,0.94155,0.87297,0.18773,0.22555,0.02637,2.98e-06,2.98e-06,2.98e-06
982,119523,0.20131,0.22133,0.02253,0.95764,0.91476,0.94153,0.87301,0.1879,0.22545,0.02631,2.881e-06,2.881e-06,2.881e-06
983,119644,0.20175,0.22065,0.02231,0.95737,0.91533,0.94149,0.87303,0.18792,0.22546,0.02637,2.782e-06,2.782e-06,2.782e-06
984,119766,0.20299,0.21989,0.02226,0.95758,0.91504,0.94151,0.87299,0.18777,0.22547,0.02635,2.683e-06,2.683e-06,2.683e-06
985,119886,0.19823,0.22113,0.02248,0.95672,0.9155,0.94154,0.87296,0.18813,0.22519,0.0264,2.584e-06,2.584e-06,2.584e-06
986,120004,0.20583,0.22054,0.02373,0.95786,0.91457,0.94142,0.87291,0.18842,0.22516,0.02644,2.485e-06,2.485e-06,2.485e-06
987,120123,0.20541,0.21849,0.02284,0.95692,0.91552,0.94143,0.87295,0.18821,0.22517,0.02649,2.386e-06,2.386e-06,2.386e-06
988,120245,0.20386,0.22027,0.02312,0.95716,0.91546,0.94152,0.87298,0.18827,0.22517,0.02652,2.287e-06,2.287e-06,2.287e-06
989,120365,0.20261,0.22081,0.02227,0.95759,0.91473,0.94144,0.87301,0.18809,0.22502,0.02641,2.188e-06,2.188e-06,2.188e-06
990,120488,0.20195,0.22007,0.02244,0.9571,0.91542,0.9415,0.87302,0.18802,0.22503,0.0265,2.089e-06,2.089e-06,2.089e-06
991,120588,0.22639,0.22918,0.02285,0.95762,0.91512,0.94151,0.87301,0.188,0.22538,0.02648,1.99e-06,1.99e-06,1.99e-06
992,120685,0.22619,0.22818,0.02282,0.95694,0.91547,0.9415,0.87304,0.18787,0.22543,0.02645,1.891e-06,1.891e-06,1.891e-06
993,120783,0.22903,0.22849,0.02322,0.9576,0.91504,0.94146,0.87298,0.18815,0.22528,0.02661,1.792e-06,1.792e-06,1.792e-06
994,120880,0.21925,0.2271,0.02247,0.95745,0.9147,0.94143,0.8729,0.18824,0.2253,0.02654,1.693e-06,1.693e-06,1.693e-06
995,120977,0.22295,0.2268,0.02323,0.95763,0.91464,0.94132,0.87291,0.18804,0.22534,0.0265,1.594e-06,1.594e-06,1.594e-06
996,121074,0.22142,0.22721,0.02329,0.9577,0.91471,0.94141,0.87297,0.18786,0.22548,0.02634,1.495e-06,1.495e-06,1.495e-06
997,121171,0.22591,0.22788,0.02286,0.95715,0.91476,0.94134,0.8728,0.18858,0.22505,0.02656,1.396e-06,1.396e-06,1.396e-06
998,121268,0.22176,0.22753,0.02236,0.95732,0.91479,0.9414,0.87291,0.18833,0.22505,0.02653,1.297e-06,1.297e-06,1.297e-06
999,121366,0.23048,0.22766,0.02294,0.95711,0.91517,0.94147,0.87292,0.18806,0.22516,0.02645,1.198e-06,1.198e-06,1.198e-06
1000,121463,0.22576,0.22766,0.02311,0.95732,0.91511,0.94139,0.87287,0.1883,0.22514,0.02641,1.099e-06,1.099e-06,1.099e-06
