epoch,time,train/box_loss,train/cls_loss,train/dfl_loss,metrics/precision(B),metrics/recall(B),metrics/mAP50(B),metrics/mAP50-95(B),val/box_loss,val/cls_loss,val/dfl_loss,lr/pg0,lr/pg1,lr/pg2
1,23.4278,1.52294,1.67858,1.03905,0.70106,0.69445,0.72098,0.40206,1.26698,0.83569,0.94767,0.00331915,0.00331915,0.00331915
2,44.4396,1.29038,0.81745,0.9466,0.80162,0.78575,0.82609,0.56525,0.99993,0.7239,0.89412,0.0066459,0.0066459,0.0066459
3,64.7314,1.31471,0.80068,0.9413,0.80095,0.79391,0.82959,0.50152,1.22063,0.7609,0.919,0.00996604,0.00996604,0.00996604
4,85.3553,1.29707,0.76951,0.92974,0.84353,0.81869,0.86125,0.61292,0.95726,0.67467,0.87386,0.0099703,0.0099703,0.0099703
5,106.137,1.19372,0.71926,0.9063,0.842,0.82415,0.86617,0.58254,1.03188,0.66195,0.88105,0.0099604,0.0099604,0.0099604
6,127.443,1.12639,0.67958,0.89083,0.86306,0.84948,0.88755,0.66259,0.83634,0.59537,0.85385,0.0099505,0.0099505,0.0099505
7,148.205,1.09657,0.6561,0.88329,0.86021,0.84846,0.88436,0.65647,0.86812,0.59461,0.85646,0.0099406,0.0099406,0.0099406
8,169.303,1.05237,0.63141,0.87472,0.86372,0.8478,0.8918,0.67834,0.79462,0.56296,0.84203,0.0099307,0.0099307,0.0099307
9,190.466,1.02573,0.62284,0.87106,0.89199,0.851,0.90467,0.68512,0.77963,0.52767,0.83435,0.0099208,0.0099208,0.0099208
10,211.561,1.01008,0.60716,0.86801,0.89153,0.85719,0.90729,0.67873,0.82094,0.53592,0.84315,0.0099109,0.0099109,0.0099109
11,232.178,0.98426,0.58448,0.86267,0.90172,0.86248,0.91131,0.70926,0.72843,0.50985,0.83216,0.009901,0.009901,0.009901
12,253.118,0.96913,0.57186,0.85942,0.90508,0.86936,0.9139,0.7127,0.72478,0.5014,0.82683,0.0098911,0.0098911,0.0098911
13,273.826,0.94571,0.5652,0.85613,0.90448,0.86338,0.91259,0.69774,0.75395,0.50469,0.83501,0.0098812,0.0098812,0.0098812
14,294.618,0.93905,0.55993,0.8561,0.90913,0.87369,0.91793,0.70738,0.75439,0.497,0.83365,0.0098713,0.0098713,0.0098713
15,315.93,0.93494,0.55195,0.85485,0.9026,0.87147,0.91601,0.71483,0.72047,0.48141,0.83013,0.0098614,0.0098614,0.0098614
16,336.448,0.91004,0.54076,0.85094,0.91698,0.86964,0.92039,0.7228,0.6952,0.47275,0.8267,0.0098515,0.0098515,0.0098515
17,357.019,0.90551,0.53751,0.84978,0.91248,0.8735,0.91964,0.73326,0.67423,0.46568,0.82265,0.0098416,0.0098416,0.0098416
18,377.546,0.89771,0.52745,0.84792,0.9148,0.87886,0.92081,0.72591,0.69053,0.46441,0.82239,0.0098317,0.0098317,0.0098317
19,398.583,0.89558,0.52592,0.84631,0.91742,0.87534,0.92135,0.7311,0.68633,0.46165,0.82257,0.0098218,0.0098218,0.0098218
20,418.708,0.87375,0.52562,0.84444,0.91754,0.87894,0.92261,0.73614,0.66457,0.45526,0.81999,0.0098119,0.0098119,0.0098119
21,439.292,0.86156,0.50831,0.84134,0.92234,0.87909,0.92466,0.74174,0.65985,0.44284,0.82015,0.009802,0.009802,0.009802
22,459.726,0.85993,0.51043,0.84226,0.91894,0.87791,0.92356,0.74094,0.6568,0.44951,0.81894,0.0097921,0.0097921,0.0097921
23,479.967,0.84808,0.50171,0.84108,0.92149,0.87931,0.92265,0.74285,0.64608,0.44193,0.8182,0.0097822,0.0097822,0.0097822
24,500.454,0.85189,0.50364,0.84065,0.92381,0.88013,0.92734,0.74332,0.65816,0.43951,0.81875,0.0097723,0.0097723,0.0097723
25,521.354,0.84613,0.49815,0.83981,0.92268,0.88261,0.92813,0.75324,0.62838,0.43335,0.81532,0.0097624,0.0097624,0.0097624
26,541.983,0.84199,0.49711,0.8381,0.92226,0.88032,0.92384,0.75606,0.61019,0.42562,0.81373,0.0097525,0.0097525,0.0097525
27,563.024,0.83186,0.49252,0.83748,0.92702,0.88562,0.92846,0.75495,0.61968,0.42475,0.81504,0.0097426,0.0097426,0.0097426
28,583.508,0.82067,0.4886,0.83684,0.92325,0.88717,0.92957,0.75145,0.62956,0.42676,0.81685,0.0097327,0.0097327,0.0097327
29,604.123,0.82294,0.4868,0.83505,0.92186,0.88823,0.92905,0.75645,0.61633,0.42049,0.81398,0.0097228,0.0097228,0.0097228
30,625.727,0.81551,0.48148,0.83532,0.9257,0.88491,0.92885,0.75971,0.60374,0.41945,0.81282,0.0097129,0.0097129,0.0097129
31,646.427,0.81105,0.48029,0.83623,0.92508,0.88842,0.92998,0.75642,0.62494,0.42038,0.81573,0.009703,0.009703,0.009703
32,667.164,0.80267,0.47751,0.83335,0.92367,0.88938,0.93016,0.75766,0.61204,0.42066,0.81382,0.0096931,0.0096931,0.0096931
33,687.802,0.79945,0.47345,0.833,0.93015,0.88489,0.92925,0.76436,0.59594,0.41603,0.81165,0.0096832,0.0096832,0.0096832
34,708.346,0.79393,0.47306,0.83371,0.92631,0.88543,0.92937,0.7602,0.60475,0.41649,0.81236,0.0096733,0.0096733,0.0096733
35,728.903,0.79009,0.46893,0.83066,0.9248,0.88851,0.92943,0.76962,0.57585,0.40652,0.80843,0.0096634,0.0096634,0.0096634
36,749.229,0.78971,0.46734,0.83178,0.92868,0.8875,0.93009,0.77109,0.57587,0.40325,0.80824,0.0096535,0.0096535,0.0096535
37,770.086,0.77861,0.46754,0.8297,0.92595,0.89206,0.93033,0.76921,0.58792,0.40877,0.81017,0.0096436,0.0096436,0.0096436
38,790.957,0.78133,0.46301,0.83004,0.92834,0.88873,0.93048,0.77106,0.58095,0.40313,0.80842,0.0096337,0.0096337,0.0096337
39,811.689,0.77728,0.45931,0.8297,0.9298,0.88648,0.93083,0.77093,0.58631,0.40249,0.8103,0.0096238,0.0096238,0.0096238
40,832.033,0.77892,0.46189,0.82883,0.92721,0.8902,0.93082,0.77235,0.5707,0.40241,0.80665,0.0096139,0.0096139,0.0096139
41,852.543,0.77137,0.45954,0.8291,0.92772,0.89213,0.93103,0.77537,0.56519,0.3963,0.80728,0.009604,0.009604,0.009604
42,873.087,0.76441,0.45311,0.82805,0.92831,0.89006,0.93179,0.76985,0.58239,0.40168,0.80996,0.0095941,0.0095941,0.0095941
43,893.582,0.76333,0.45365,0.82809,0.92667,0.89313,0.93122,0.77545,0.57047,0.39543,0.80877,0.0095842,0.0095842,0.0095842
44,914.481,0.76543,0.45135,0.82763,0.92829,0.89429,0.93169,0.7765,0.5711,0.39561,0.8085,0.0095743,0.0095743,0.0095743
45,935.212,0.75864,0.45389,0.82688,0.92737,0.89581,0.93217,0.77982,0.55225,0.3937,0.80542,0.0095644,0.0095644,0.0095644
46,956.722,0.76804,0.45251,0.82707,0.93275,0.88999,0.93185,0.77796,0.55809,0.39049,0.80725,0.0095545,0.0095545,0.0095545
47,977.374,0.75616,0.44985,0.82736,0.92957,0.89495,0.93177,0.77797,0.55517,0.38864,0.80635,0.0095446,0.0095446,0.0095446
48,998.539,0.74998,0.44921,0.82608,0.92549,0.89252,0.9318,0.7689,0.58064,0.39539,0.80824,0.0095347,0.0095347,0.0095347
49,1019.08,0.74334,0.44283,0.8263,0.9272,0.89787,0.93295,0.78085,0.55557,0.38794,0.80669,0.0095248,0.0095248,0.0095248
50,1039.83,0.74148,0.44801,0.82502,0.93111,0.89524,0.93227,0.78296,0.54227,0.38486,0.80399,0.0095149,0.0095149,0.0095149
51,1060.4,0.7451,0.44678,0.82655,0.93195,0.89457,0.93253,0.78497,0.54043,0.38309,0.80438,0.009505,0.009505,0.009505
52,1081,0.74439,0.44036,0.82461,0.93038,0.89543,0.9313,0.78221,0.54415,0.38545,0.80508,0.0094951,0.0094951,0.0094951
53,1101.73,0.7412,0.44125,0.82437,0.93221,0.89603,0.93339,0.77666,0.56794,0.38969,0.80702,0.0094852,0.0094852,0.0094852
54,1122.74,0.73258,0.4375,0.82406,0.93019,0.89791,0.93402,0.78496,0.54309,0.38103,0.80503,0.0094753,0.0094753,0.0094753
55,1143.51,0.72912,0.43678,0.82284,0.93097,0.89712,0.93351,0.78543,0.54436,0.38136,0.80411,0.0094654,0.0094654,0.0094654
56,1163.92,0.72542,0.4335,0.82318,0.93542,0.89413,0.93448,0.78717,0.53691,0.37787,0.80445,0.0094555,0.0094555,0.0094555
57,1184.5,0.72516,0.43552,0.82346,0.9336,0.89759,0.93415,0.78116,0.56128,0.38371,0.80712,0.0094456,0.0094456,0.0094456
58,1205.76,0.73033,0.43335,0.82332,0.92888,0.89965,0.93404,0.79181,0.52732,0.3743,0.80221,0.0094357,0.0094357,0.0094357
59,1225.94,0.72555,0.43442,0.82217,0.92835,0.89636,0.93342,0.78627,0.5434,0.37954,0.80431,0.0094258,0.0094258,0.0094258
60,1246.52,0.73062,0.43113,0.82321,0.93334,0.89677,0.93429,0.78686,0.53833,0.37719,0.80384,0.0094159,0.0094159,0.0094159
61,1267.76,0.72178,0.43363,0.82175,0.92993,0.89842,0.93421,0.78453,0.54173,0.37775,0.80439,0.009406,0.009406,0.009406
62,1288.62,0.72087,0.42863,0.82209,0.93043,0.89856,0.93565,0.7859,0.54905,0.37977,0.8046,0.0093961,0.0093961,0.0093961
63,1309.34,0.71655,0.42932,0.82148,0.93672,0.89492,0.93459,0.79234,0.53044,0.3716,0.80374,0.0093862,0.0093862,0.0093862
64,1329.67,0.71585,0.42857,0.82129,0.93379,0.89511,0.9347,0.79327,0.52499,0.37144,0.80203,0.0093763,0.0093763,0.0093763
65,1350.31,0.72163,0.42892,0.822,0.93596,0.89613,0.93512,0.78762,0.54432,0.37555,0.80471,0.0093664,0.0093664,0.0093664
66,1370.62,0.7148,0.42877,0.82071,0.9375,0.89283,0.93471,0.7881,0.54084,0.37452,0.80419,0.0093565,0.0093565,0.0093565
67,1391.23,0.7125,0.42942,0.82111,0.93623,0.89578,0.9376,0.79454,0.52253,0.37151,0.8026,0.0093466,0.0093466,0.0093466
68,1411.58,0.70489,0.42491,0.8208,0.93199,0.89971,0.93678,0.79266,0.52513,0.37044,0.8025,0.0093367,0.0093367,0.0093367
69,1432.54,0.71156,0.4227,0.82114,0.9309,0.89968,0.93638,0.79365,0.52349,0.36926,0.80201,0.0093268,0.0093268,0.0093268
70,1453.7,0.71037,0.42103,0.82036,0.9361,0.89457,0.93536,0.79168,0.53155,0.37099,0.80316,0.0093169,0.0093169,0.0093169
71,1473.78,0.70374,0.42138,0.82013,0.93689,0.89791,0.93854,0.79587,0.52136,0.3676,0.80222,0.009307,0.009307,0.009307
72,1494.62,0.69674,0.42012,0.81967,0.93613,0.89835,0.93823,0.79591,0.51721,0.36652,0.80275,0.0092971,0.0092971,0.0092971
73,1515.38,0.70054,0.41925,0.81935,0.93484,0.89879,0.93884,0.79779,0.51594,0.36534,0.80086,0.0092872,0.0092872,0.0092872
74,1536.09,0.69844,0.41958,0.81922,0.92986,0.90083,0.93786,0.79757,0.51673,0.36517,0.80104,0.0092773,0.0092773,0.0092773
75,1556.59,0.69189,0.41741,0.81989,0.93743,0.89772,0.93826,0.79836,0.51477,0.36472,0.80182,0.0092674,0.0092674,0.0092674
76,1576.8,0.69553,0.41667,0.8197,0.93503,0.90075,0.93879,0.79716,0.51535,0.36528,0.80119,0.0092575,0.0092575,0.0092575
77,1597.71,0.69395,0.41673,0.8191,0.93743,0.89854,0.93948,0.79689,0.51997,0.36513,0.80189,0.0092476,0.0092476,0.0092476
78,1618.03,0.68999,0.4155,0.81788,0.93702,0.89844,0.93909,0.79931,0.50953,0.3621,0.80111,0.0092377,0.0092377,0.0092377
79,1638.8,0.68921,0.41641,0.81813,0.93783,0.89854,0.93879,0.79979,0.51016,0.36179,0.80101,0.0092278,0.0092278,0.0092278
80,1660.34,0.69719,0.41726,0.81851,0.93638,0.89967,0.93982,0.80034,0.51439,0.36062,0.80202,0.0092179,0.0092179,0.0092179
81,1681.42,0.69166,0.41306,0.81764,0.93855,0.89763,0.93973,0.8012,0.51128,0.36161,0.80094,0.009208,0.009208,0.009208
82,1702.33,0.69197,0.41635,0.81767,0.93371,0.90016,0.9392,0.80166,0.51018,0.36083,0.80087,0.0091981,0.0091981,0.0091981
83,1722.75,0.68827,0.41152,0.81777,0.93944,0.89914,0.93997,0.80127,0.51095,0.35978,0.80091,0.0091882,0.0091882,0.0091882
84,1744,0.68454,0.4127,0.81711,0.93691,0.90012,0.94023,0.80349,0.50602,0.3576,0.79966,0.0091783,0.0091783,0.0091783
85,1764.42,0.67915,0.40943,0.81715,0.93734,0.89587,0.93974,0.8021,0.51796,0.3606,0.80083,0.0091684,0.0091684,0.0091684
86,1786.02,0.68179,0.41191,0.81761,0.94081,0.89782,0.94056,0.80351,0.50719,0.35857,0.80014,0.0091585,0.0091585,0.0091585
87,1806.7,0.68405,0.41167,0.81732,0.93733,0.90098,0.9414,0.80629,0.50431,0.35581,0.79977,0.0091486,0.0091486,0.0091486
88,1827.04,0.67589,0.4146,0.81743,0.93728,0.90044,0.94114,0.80217,0.51021,0.35733,0.8009,0.0091387,0.0091387,0.0091387
89,1847.54,0.67899,0.40947,0.81625,0.93765,0.90345,0.94111,0.80391,0.50488,0.35577,0.80007,0.0091288,0.0091288,0.0091288
90,1868.14,0.68347,0.41026,0.81658,0.94121,0.89797,0.94166,0.80525,0.50503,0.35591,0.79984,0.0091189,0.0091189,0.0091189
91,1888.69,0.67745,0.40692,0.81582,0.93685,0.90207,0.94148,0.80592,0.50093,0.35505,0.79866,0.009109,0.009109,0.009109
92,1909.58,0.67398,0.41056,0.81684,0.94249,0.90029,0.94176,0.80624,0.50444,0.3534,0.79963,0.0090991,0.0090991,0.0090991
93,1930.65,0.6752,0.40812,0.81702,0.94435,0.898,0.94172,0.80672,0.50065,0.35378,0.79974,0.0090892,0.0090892,0.0090892
94,1951.39,0.67535,0.405,0.815,0.93661,0.90089,0.94111,0.80642,0.501,0.35438,0.79958,0.0090793,0.0090793,0.0090793
95,1971.92,0.6704,0.40303,0.81529,0.9423,0.90031,0.94168,0.80615,0.49783,0.35449,0.79819,0.0090694,0.0090694,0.0090694
96,1992.57,0.6678,0.40518,0.81574,0.94101,0.90098,0.94203,0.80902,0.4947,0.35078,0.7986,0.0090595,0.0090595,0.0090595
97,2013.54,0.66665,0.40237,0.81626,0.94267,0.89768,0.94244,0.80967,0.49857,0.35098,0.79989,0.0090496,0.0090496,0.0090496
98,2034.86,0.67266,0.40488,0.81517,0.93902,0.90015,0.94116,0.80523,0.49975,0.35412,0.79896,0.0090397,0.0090397,0.0090397
99,2055.45,0.65981,0.40288,0.81508,0.94208,0.89975,0.94149,0.80693,0.50028,0.35255,0.79927,0.0090298,0.0090298,0.0090298
100,2076.02,0.67548,0.40563,0.81601,0.938,0.90024,0.94071,0.80671,0.49969,0.35213,0.79945,0.0090199,0.0090199,0.0090199
101,2096.59,0.66816,0.40384,0.81539,0.93765,0.90305,0.94324,0.81177,0.49182,0.35031,0.79814,0.00901,0.00901,0.00901
102,2117.31,0.66843,0.40181,0.81601,0.9386,0.9033,0.94228,0.80825,0.49627,0.35153,0.79842,0.0090001,0.0090001,0.0090001
103,2137.94,0.66474,0.40065,0.81493,0.93785,0.90315,0.9417,0.80703,0.50049,0.35123,0.79925,0.0089902,0.0089902,0.0089902
104,2158.17,0.66547,0.40102,0.81504,0.94147,0.89997,0.94216,0.8095,0.49635,0.34872,0.79938,0.0089803,0.0089803,0.0089803
105,2178.69,0.66159,0.39995,0.81484,0.94352,0.90086,0.94391,0.81229,0.4936,0.34745,0.79848,0.0089704,0.0089704,0.0089704
106,2199.5,0.65801,0.39851,0.81556,0.9405,0.90184,0.94219,0.80683,0.5007,0.34972,0.79915,0.0089605,0.0089605,0.0089605
107,2220.42,0.66222,0.39931,0.81405,0.93863,0.90587,0.94317,0.8118,0.48976,0.34609,0.79782,0.0089506,0.0089506,0.0089506
108,2241.48,0.66265,0.39711,0.81381,0.9405,0.9047,0.94415,0.81284,0.49071,0.34614,0.79886,0.0089407,0.0089407,0.0089407
109,2262.09,0.65661,0.39808,0.81393,0.94084,0.90345,0.94383,0.81359,0.48853,0.34373,0.79867,0.0089308,0.0089308,0.0089308
110,2282.61,0.65937,0.39654,0.81454,0.94123,0.90321,0.94302,0.81176,0.49548,0.34738,0.7991,0.0089209,0.0089209,0.0089209
111,2303.17,0.65172,0.3948,0.81255,0.93815,0.9054,0.94298,0.81129,0.49115,0.34734,0.79766,0.008911,0.008911,0.008911
112,2323.38,0.65573,0.39572,0.8137,0.94422,0.89994,0.94398,0.81354,0.49175,0.34681,0.79871,0.0089011,0.0089011,0.0089011
113,2343.83,0.65714,0.39677,0.81346,0.94246,0.90141,0.94284,0.81122,0.49056,0.34631,0.79826,0.0088912,0.0088912,0.0088912
114,2364.08,0.65224,0.39516,0.81352,0.94074,0.90098,0.9421,0.81181,0.4904,0.34505,0.79839,0.0088813,0.0088813,0.0088813
115,2385.35,0.6543,0.3957,0.81279,0.94203,0.90308,0.94299,0.81146,0.4889,0.34543,0.79749,0.0088714,0.0088714,0.0088714
116,2406.3,0.65103,0.39624,0.81332,0.94297,0.90154,0.94336,0.8136,0.4875,0.34558,0.798,0.0088615,0.0088615,0.0088615
117,2427.38,0.65182,0.39509,0.81378,0.94364,0.90015,0.94278,0.81186,0.48985,0.3464,0.79775,0.0088516,0.0088516,0.0088516
118,2448.33,0.65017,0.39318,0.81314,0.94768,0.89921,0.9443,0.81519,0.49089,0.3444,0.79801,0.0088417,0.0088417,0.0088417
119,2468.89,0.65843,0.39715,0.81351,0.94447,0.9014,0.94389,0.81281,0.49184,0.34405,0.79854,0.0088318,0.0088318,0.0088318
120,2489.41,0.6501,0.3931,0.81259,0.9377,0.90571,0.94302,0.8138,0.48832,0.34506,0.79767,0.0088219,0.0088219,0.0088219
121,2509.89,0.64967,0.39142,0.81271,0.94269,0.90352,0.9443,0.81444,0.48447,0.34132,0.79705,0.008812,0.008812,0.008812
122,2531.53,0.65026,0.39227,0.8129,0.939,0.90428,0.94348,0.81244,0.48894,0.34394,0.79739,0.0088021,0.0088021,0.0088021
123,2551.87,0.64556,0.39664,0.81255,0.93832,0.90651,0.94343,0.81491,0.48734,0.34423,0.79702,0.0087922,0.0087922,0.0087922
124,2572.42,0.64994,0.39389,0.81299,0.9398,0.90632,0.94494,0.81602,0.48628,0.34062,0.79793,0.0087823,0.0087823,0.0087823
125,2593.19,0.64447,0.38863,0.8124,0.94155,0.90336,0.94344,0.81508,0.48317,0.34059,0.79695,0.0087724,0.0087724,0.0087724
126,2614.35,0.64638,0.38871,0.81267,0.94183,0.90527,0.94509,0.81772,0.48148,0.34081,0.79752,0.0087625,0.0087625,0.0087625
127,2634.88,0.64708,0.39166,0.81262,0.94217,0.90479,0.94512,0.81338,0.49113,0.34358,0.79843,0.0087526,0.0087526,0.0087526
128,2654.93,0.64476,0.39139,0.81212,0.94327,0.90336,0.94446,0.81836,0.47977,0.34055,0.79693,0.0087427,0.0087427,0.0087427
129,2675.81,0.64081,0.38894,0.81159,0.93867,0.90644,0.94402,0.8176,0.47891,0.33993,0.79692,0.0087328,0.0087328,0.0087328
130,2696.7,0.6413,0.3888,0.81166,0.94108,0.90479,0.94463,0.81725,0.4804,0.34,0.79703,0.0087229,0.0087229,0.0087229
131,2717.65,0.64367,0.39117,0.81162,0.94086,0.90481,0.94347,0.81499,0.48081,0.339,0.79686,0.008713,0.008713,0.008713
132,2738.8,0.63844,0.38855,0.81276,0.94213,0.90559,0.94551,0.81819,0.4826,0.33934,0.79737,0.0087031,0.0087031,0.0087031
133,2759.5,0.64725,0.38837,0.81214,0.93922,0.90451,0.94422,0.81862,0.47898,0.33896,0.79655,0.0086932,0.0086932,0.0086932
134,2779.72,0.639,0.38732,0.8117,0.93962,0.90425,0.94369,0.81737,0.48352,0.34104,0.79733,0.0086833,0.0086833,0.0086833
135,2800.04,0.64032,0.38422,0.81128,0.94136,0.90444,0.94404,0.81757,0.47964,0.33869,0.79692,0.0086734,0.0086734,0.0086734
136,2821.06,0.6317,0.38773,0.81153,0.94219,0.90349,0.94436,0.8174,0.48179,0.33951,0.79766,0.0086635,0.0086635,0.0086635
137,2841.85,0.64175,0.38758,0.81285,0.94304,0.90432,0.94454,0.81951,0.47588,0.33596,0.79636,0.0086536,0.0086536,0.0086536
138,2862.1,0.64039,0.38819,0.81129,0.94573,0.90374,0.94545,0.81955,0.48006,0.33722,0.79663,0.0086437,0.0086437,0.0086437
139,2882.33,0.63846,0.38768,0.81117,0.94522,0.90349,0.94497,0.81875,0.47674,0.33708,0.79601,0.0086338,0.0086338,0.0086338
140,2904.12,0.63433,0.38617,0.81078,0.94373,0.90292,0.94526,0.81949,0.47611,0.33578,0.79596,0.0086239,0.0086239,0.0086239
141,2925.46,0.63456,0.38889,0.81178,0.93991,0.90746,0.94583,0.82091,0.47668,0.33551,0.79648,0.008614,0.008614,0.008614
142,2946.05,0.63561,0.38626,0.81111,0.94155,0.90648,0.94478,0.82065,0.47585,0.33681,0.79594,0.0086041,0.0086041,0.0086041
143,2966.75,0.64008,0.3866,0.81105,0.94265,0.90787,0.94699,0.82188,0.47655,0.33518,0.79552,0.0085942,0.0085942,0.0085942
144,2987.17,0.63928,0.38439,0.81128,0.94327,0.90467,0.94567,0.82139,0.47626,0.33488,0.79673,0.0085843,0.0085843,0.0085843
145,3007.63,0.63217,0.38616,0.81125,0.94378,0.90416,0.94518,0.82143,0.47263,0.33458,0.79611,0.0085744,0.0085744,0.0085744
146,3027.97,0.63399,0.38298,0.81048,0.94156,0.90599,0.94502,0.82008,0.47428,0.33446,0.79688,0.0085645,0.0085645,0.0085645
147,3049.24,0.63013,0.3821,0.81104,0.94366,0.90791,0.94519,0.8215,0.47065,0.33391,0.79579,0.0085546,0.0085546,0.0085546
148,3069.64,0.63058,0.38382,0.81033,0.94291,0.90717,0.94597,0.8208,0.47506,0.33453,0.79614,0.0085447,0.0085447,0.0085447
149,3090.28,0.63314,0.38309,0.81088,0.94366,0.90411,0.94584,0.82189,0.47353,0.33287,0.79545,0.0085348,0.0085348,0.0085348
150,3110.86,0.63372,0.38255,0.81137,0.94452,0.90451,0.94598,0.82249,0.47126,0.33221,0.79557,0.0085249,0.0085249,0.0085249
151,3131.41,0.62621,0.38229,0.81014,0.94403,0.90632,0.94594,0.81971,0.47891,0.33441,0.79643,0.008515,0.008515,0.008515
152,3151.99,0.63203,0.38241,0.81051,0.94165,0.90697,0.94537,0.82218,0.47102,0.33218,0.79536,0.0085051,0.0085051,0.0085051
153,3172.69,0.62724,0.38275,0.81045,0.94223,0.90603,0.94633,0.82284,0.46952,0.33207,0.79561,0.0084952,0.0084952,0.0084952
154,3193.52,0.63428,0.38433,0.81058,0.94413,0.90372,0.94511,0.82322,0.46875,0.33252,0.79497,0.0084853,0.0084853,0.0084853
155,3214.62,0.63222,0.37975,0.81024,0.94394,0.90477,0.94658,0.82448,0.46992,0.33157,0.79532,0.0084754,0.0084754,0.0084754
156,3235.08,0.62811,0.38094,0.80986,0.94534,0.90549,0.94642,0.8232,0.46846,0.3307,0.79508,0.0084655,0.0084655,0.0084655
157,3256.05,0.62808,0.38212,0.81024,0.94424,0.9039,0.94566,0.82201,0.47074,0.33144,0.7953,0.0084556,0.0084556,0.0084556
158,3276.74,0.62708,0.38142,0.81,0.94322,0.90559,0.94607,0.8225,0.46913,0.33023,0.79507,0.0084457,0.0084457,0.0084457
159,3297.22,0.63137,0.3853,0.8098,0.9438,0.90504,0.94586,0.8229,0.46903,0.331,0.79523,0.0084358,0.0084358,0.0084358
160,3318.07,0.6273,0.38005,0.81113,0.94664,0.90327,0.94628,0.82348,0.46962,0.33028,0.79556,0.0084259,0.0084259,0.0084259
161,3338.61,0.62517,0.37908,0.81001,0.94324,0.90536,0.94578,0.82411,0.4673,0.3304,0.79546,0.008416,0.008416,0.008416
162,3359.41,0.62793,0.38005,0.81003,0.9452,0.90359,0.94668,0.82412,0.46995,0.33026,0.79581,0.0084061,0.0084061,0.0084061
163,3380.1,0.62121,0.37843,0.8093,0.94618,0.90482,0.9464,0.82362,0.46701,0.33029,0.79494,0.0083962,0.0083962,0.0083962
164,3400.64,0.62142,0.37772,0.80977,0.94728,0.90389,0.94747,0.82498,0.467,0.32928,0.79516,0.0083863,0.0083863,0.0083863
165,3421.03,0.62522,0.38159,0.8098,0.94354,0.90654,0.94668,0.82504,0.46762,0.32978,0.79508,0.0083764,0.0083764,0.0083764
166,3441.43,0.62347,0.37768,0.80979,0.94492,0.90593,0.94762,0.82723,0.46367,0.32783,0.79479,0.0083665,0.0083665,0.0083665
167,3461.63,0.62581,0.38214,0.80971,0.94408,0.90736,0.94629,0.825,0.4666,0.33027,0.7946,0.0083566,0.0083566,0.0083566
168,3482.35,0.62185,0.37898,0.80927,0.9439,0.90822,0.94649,0.82439,0.46541,0.32811,0.79517,0.0083467,0.0083467,0.0083467
169,3503.44,0.6217,0.37856,0.80923,0.94788,0.9054,0.94738,0.82606,0.46485,0.3284,0.79493,0.0083368,0.0083368,0.0083368
170,3523.93,0.62562,0.38043,0.81078,0.94683,0.90736,0.94678,0.82556,0.46299,0.32719,0.79434,0.0083269,0.0083269,0.0083269
171,3544.8,0.61888,0.379,0.80911,0.94451,0.90981,0.94717,0.82516,0.46562,0.32677,0.79444,0.008317,0.008317,0.008317
172,3565.29,0.62418,0.38041,0.8097,0.94385,0.90907,0.94673,0.82529,0.46178,0.32672,0.79407,0.0083071,0.0083071,0.0083071
173,3586.06,0.62107,0.37683,0.80975,0.94346,0.90854,0.94747,0.82615,0.46154,0.32683,0.79461,0.0082972,0.0082972,0.0082972
174,3606.69,0.62145,0.37773,0.80917,0.94435,0.90694,0.94702,0.82434,0.46703,0.32831,0.79431,0.0082873,0.0082873,0.0082873
175,3627.59,0.6189,0.37541,0.80919,0.94515,0.90492,0.94654,0.82523,0.46287,0.3262,0.79436,0.0082774,0.0082774,0.0082774
176,3648.32,0.61605,0.37561,0.80887,0.94782,0.9034,0.9466,0.82495,0.46229,0.32614,0.79459,0.0082675,0.0082675,0.0082675
177,3668.88,0.60944,0.37349,0.80922,0.94154,0.90793,0.94613,0.8254,0.46173,0.32752,0.79404,0.0082576,0.0082576,0.0082576
178,3689.72,0.61668,0.37546,0.80929,0.94515,0.90621,0.94636,0.82566,0.46092,0.32602,0.79403,0.0082477,0.0082477,0.0082477
179,3710.52,0.61661,0.37644,0.80822,0.94091,0.90968,0.94681,0.82559,0.4612,0.32626,0.79371,0.0082378,0.0082378,0.0082378
180,3731.26,0.61769,0.37598,0.80865,0.94406,0.9084,0.94737,0.82668,0.46117,0.32488,0.79406,0.0082279,0.0082279,0.0082279
181,3751.87,0.61752,0.37468,0.80885,0.94567,0.90587,0.94682,0.82552,0.46481,0.32601,0.79461,0.008218,0.008218,0.008218
182,3772.14,0.61061,0.37321,0.80868,0.94434,0.90768,0.94646,0.82584,0.46051,0.32467,0.79417,0.0082081,0.0082081,0.0082081
183,3792.89,0.61658,0.37563,0.80916,0.94437,0.90828,0.94632,0.8266,0.4584,0.32481,0.79441,0.0081982,0.0081982,0.0081982
184,3814,0.61434,0.37469,0.80962,0.94283,0.91022,0.94703,0.8266,0.45995,0.32414,0.79435,0.0081883,0.0081883,0.0081883
185,3834.58,0.6136,0.37253,0.8089,0.94181,0.91123,0.94791,0.82744,0.45944,0.32424,0.79384,0.0081784,0.0081784,0.0081784
186,3856.15,0.6171,0.37345,0.80912,0.94422,0.9074,0.94821,0.82937,0.45687,0.32299,0.79343,0.0081685,0.0081685,0.0081685
187,3877.03,0.61199,0.37366,0.80907,0.94514,0.90815,0.94769,0.82866,0.4554,0.32321,0.7935,0.0081586,0.0081586,0.0081586
188,3897.35,0.61365,0.37171,0.809,0.94326,0.90781,0.94737,0.82715,0.45894,0.32334,0.794,0.0081487,0.0081487,0.0081487
189,3917.72,0.61511,0.37375,0.80814,0.9429,0.90878,0.94737,0.82759,0.45825,0.32283,0.79401,0.0081388,0.0081388,0.0081388
190,3938.06,0.61534,0.37455,0.8088,0.9421,0.91009,0.94772,0.82814,0.45765,0.32298,0.79347,0.0081289,0.0081289,0.0081289
191,3958.38,0.60799,0.37304,0.80849,0.94229,0.91022,0.94787,0.82826,0.45945,0.32342,0.79362,0.008119,0.008119,0.008119
192,3979.01,0.61306,0.37408,0.80817,0.94524,0.90762,0.94775,0.83021,0.45541,0.32256,0.79338,0.0081091,0.0081091,0.0081091
193,3999.36,0.61454,0.37276,0.80774,0.94476,0.90831,0.94753,0.8278,0.45762,0.32298,0.79369,0.0080992,0.0080992,0.0080992
194,4019.78,0.60877,0.37071,0.80752,0.9432,0.90736,0.94573,0.82547,0.45913,0.3238,0.79351,0.0080893,0.0080893,0.0080893
195,4040.62,0.61426,0.37273,0.80879,0.94544,0.90743,0.94629,0.82684,0.45608,0.32306,0.79335,0.0080794,0.0080794,0.0080794
196,4061.38,0.60826,0.37286,0.80816,0.94256,0.90892,0.94658,0.82804,0.45575,0.32348,0.79321,0.0080695,0.0080695,0.0080695
197,4081.75,0.60597,0.36971,0.80836,0.94454,0.90758,0.9472,0.82881,0.45599,0.322,0.79327,0.0080596,0.0080596,0.0080596
198,4102.64,0.60894,0.37149,0.80815,0.94377,0.90878,0.94724,0.82895,0.45387,0.32146,0.79302,0.0080497,0.0080497,0.0080497
199,4123.26,0.60531,0.37191,0.8081,0.94533,0.9087,0.94686,0.82825,0.45629,0.32365,0.79314,0.0080398,0.0080398,0.0080398
200,4143.66,0.60835,0.36889,0.80734,0.94225,0.90983,0.94693,0.82857,0.45318,0.32147,0.79321,0.0080299,0.0080299,0.0080299
201,4164.32,0.60568,0.36968,0.80729,0.94271,0.91006,0.94726,0.82883,0.45427,0.32134,0.79331,0.00802,0.00802,0.00802
202,4184.57,0.5986,0.37035,0.80809,0.94768,0.90654,0.94735,0.82957,0.45363,0.32142,0.79333,0.0080101,0.0080101,0.0080101
203,4206.39,0.61042,0.3733,0.80843,0.94726,0.90746,0.94746,0.8291,0.45423,0.3207,0.79363,0.0080002,0.0080002,0.0080002
204,4226.92,0.60387,0.36763,0.80692,0.94679,0.9087,0.94781,0.82923,0.4531,0.32056,0.79332,0.0079903,0.0079903,0.0079903
205,4247.85,0.60031,0.36934,0.80699,0.94636,0.90857,0.94797,0.8302,0.45405,0.32159,0.79318,0.0079804,0.0079804,0.0079804
206,4268.92,0.60249,0.36789,0.8081,0.94524,0.90981,0.94744,0.82914,0.45591,0.32147,0.79305,0.0079705,0.0079705,0.0079705
207,4289.29,0.60207,0.37075,0.80712,0.94427,0.90917,0.94651,0.82802,0.45527,0.32146,0.79343,0.0079606,0.0079606,0.0079606
208,4310.09,0.60551,0.36828,0.80775,0.94394,0.90809,0.94613,0.82713,0.45505,0.32284,0.79328,0.0079507,0.0079507,0.0079507
209,4331.19,0.60234,0.36601,0.80714,0.9425,0.90882,0.94605,0.82792,0.45488,0.32195,0.79318,0.0079408,0.0079408,0.0079408
210,4351.51,0.60488,0.36848,0.80725,0.94436,0.90851,0.94694,0.82925,0.45309,0.32036,0.79315,0.0079309,0.0079309,0.0079309
211,4372.82,0.60344,0.36673,0.80657,0.94463,0.90939,0.94744,0.82964,0.45084,0.3199,0.79237,0.007921,0.007921,0.007921
212,4393.92,0.60473,0.36941,0.80774,0.9431,0.911,0.94693,0.82911,0.45157,0.32049,0.79267,0.0079111,0.0079111,0.0079111
213,4414.36,0.60662,0.36599,0.80726,0.94171,0.91163,0.94746,0.83052,0.45136,0.32023,0.79269,0.0079012,0.0079012,0.0079012
214,4434.74,0.60112,0.36811,0.80789,0.94303,0.91038,0.9487,0.83218,0.4511,0.31956,0.79259,0.0078913,0.0078913,0.0078913
215,4455.71,0.60304,0.36662,0.80721,0.9454,0.9094,0.94793,0.83181,0.4504,0.31823,0.79259,0.0078814,0.0078814,0.0078814
216,4476.79,0.60791,0.36539,0.80716,0.944,0.90828,0.94777,0.83042,0.45283,0.31931,0.79301,0.0078715,0.0078715,0.0078715
217,4497.5,0.60182,0.36655,0.80717,0.94483,0.90767,0.94784,0.83108,0.45081,0.31834,0.79242,0.0078616,0.0078616,0.0078616
218,4518.67,0.59767,0.36509,0.80736,0.94454,0.90904,0.9472,0.83061,0.44976,0.31844,0.79225,0.0078517,0.0078517,0.0078517
219,4538.74,0.60569,0.36738,0.80727,0.94653,0.90729,0.94792,0.83219,0.44912,0.31756,0.79255,0.0078418,0.0078418,0.0078418
220,4559.2,0.596,0.36587,0.80719,0.94691,0.9073,0.94785,0.83172,0.44922,0.31704,0.79219,0.0078319,0.0078319,0.0078319
221,4579.95,0.60006,0.36585,0.80657,0.94658,0.9082,0.94833,0.832,0.45048,0.31802,0.79236,0.007822,0.007822,0.007822
222,4600.49,0.59883,0.36616,0.807,0.94555,0.91025,0.94797,0.83168,0.4503,0.31757,0.79244,0.0078121,0.0078121,0.0078121
223,4621.89,0.60037,0.3659,0.80733,0.94388,0.91019,0.94793,0.83145,0.45091,0.31846,0.79238,0.0078022,0.0078022,0.0078022
224,4642.12,0.60393,0.36482,0.807,0.94606,0.90787,0.94771,0.83002,0.45195,0.31863,0.79279,0.0077923,0.0077923,0.0077923
225,4662.61,0.60167,0.36672,0.80643,0.94592,0.90761,0.94824,0.83301,0.44796,0.31674,0.79252,0.0077824,0.0077824,0.0077824
226,4683.08,0.59652,0.36377,0.80695,0.94531,0.90901,0.94834,0.83272,0.44598,0.31584,0.79228,0.0077725,0.0077725,0.0077725
227,4703.67,0.5983,0.36592,0.80671,0.94543,0.90933,0.94818,0.83183,0.44913,0.31724,0.79222,0.0077626,0.0077626,0.0077626
228,4724.17,0.60036,0.36589,0.80713,0.94428,0.90958,0.94835,0.8322,0.44761,0.31627,0.79236,0.0077527,0.0077527,0.0077527
229,4746.16,0.59681,0.36336,0.80655,0.94465,0.90977,0.94842,0.83211,0.44725,0.31489,0.79251,0.0077428,0.0077428,0.0077428
230,4767.14,0.59522,0.36536,0.80591,0.94581,0.90945,0.94847,0.83258,0.44777,0.31579,0.79243,0.0077329,0.0077329,0.0077329
231,4788.33,0.59665,0.36586,0.8067,0.94626,0.90755,0.94809,0.83286,0.44612,0.3159,0.79238,0.007723,0.007723,0.007723
232,4808.7,0.59302,0.36152,0.80622,0.94505,0.91006,0.94809,0.8332,0.44609,0.31604,0.79224,0.0077131,0.0077131,0.0077131
233,4829.28,0.5922,0.36166,0.80692,0.94715,0.90781,0.94844,0.83361,0.44539,0.31551,0.79223,0.0077032,0.0077032,0.0077032
234,4849.71,0.59514,0.36252,0.80648,0.94663,0.90806,0.94844,0.83339,0.44632,0.31731,0.79241,0.0076933,0.0076933,0.0076933
235,4870.59,0.59972,0.36647,0.80654,0.94666,0.90755,0.94781,0.83304,0.44642,0.31815,0.79217,0.0076834,0.0076834,0.0076834
236,4891.86,0.59988,0.36324,0.80605,0.94757,0.90619,0.94761,0.83273,0.44693,0.31887,0.79217,0.0076735,0.0076735,0.0076735
237,4912.52,0.59561,0.36188,0.80694,0.94696,0.90517,0.9477,0.83243,0.44745,0.31879,0.79236,0.0076636,0.0076636,0.0076636
238,4933.29,0.59332,0.3618,0.80647,0.94593,0.90782,0.94835,0.83402,0.44539,0.31649,0.79231,0.0076537,0.0076537,0.0076537
239,4954.36,0.59032,0.3604,0.80682,0.94508,0.90869,0.94825,0.83431,0.44489,0.31614,0.79202,0.0076438,0.0076438,0.0076438
240,4975.17,0.59415,0.36042,0.80582,0.94385,0.91067,0.94789,0.83424,0.44444,0.31519,0.79194,0.0076339,0.0076339,0.0076339
241,4995.5,0.58532,0.35874,0.80614,0.94352,0.91035,0.94781,0.83403,0.44388,0.31442,0.79166,0.007624,0.007624,0.007624
242,5016.43,0.59571,0.36247,0.80567,0.946,0.90901,0.94786,0.83427,0.44465,0.31572,0.79159,0.0076141,0.0076141,0.0076141
243,5037.37,0.59162,0.35871,0.80595,0.94424,0.90977,0.94766,0.83406,0.44433,0.31646,0.79169,0.0076042,0.0076042,0.0076042
244,5058.07,0.58888,0.35937,0.80565,0.94607,0.90939,0.94848,0.83543,0.44246,0.31465,0.7914,0.0075943,0.0075943,0.0075943
245,5078.75,0.5973,0.36184,0.8062,0.94568,0.9088,0.94811,0.83486,0.44282,0.31483,0.79146,0.0075844,0.0075844,0.0075844
246,5099.03,0.59361,0.36142,0.80532,0.9467,0.90924,0.94808,0.83415,0.4449,0.31556,0.79175,0.0075745,0.0075745,0.0075745
247,5120.16,0.59407,0.36125,0.80648,0.94518,0.91149,0.94869,0.83492,0.44325,0.31438,0.79146,0.0075646,0.0075646,0.0075646
248,5140.71,0.59069,0.36122,0.80617,0.94671,0.91049,0.94893,0.83524,0.44247,0.31405,0.79144,0.0075547,0.0075547,0.0075547
249,5160.5,0.58217,0.35908,0.8056,0.94801,0.91092,0.94996,0.83472,0.44382,0.31392,0.79156,0.0075448,0.0075448,0.0075448
250,5180.88,0.58943,0.361,0.80651,0.94537,0.9107,0.94842,0.8344,0.44288,0.3145,0.79149,0.0075349,0.0075349,0.0075349
251,5201.28,0.58687,0.35961,0.80543,0.94626,0.90927,0.94751,0.83395,0.44182,0.3149,0.79164,0.007525,0.007525,0.007525
252,5221.98,0.58801,0.35723,0.80571,0.94501,0.91026,0.94745,0.83413,0.44076,0.31439,0.79145,0.0075151,0.0075151,0.0075151
253,5242.86,0.59418,0.36124,0.80611,0.94379,0.91117,0.94818,0.83464,0.44127,0.3136,0.79162,0.0075052,0.0075052,0.0075052
254,5263.61,0.59238,0.36069,0.8062,0.94499,0.91054,0.94899,0.83512,0.43984,0.31243,0.7912,0.0074953,0.0074953,0.0074953
255,5283.89,0.58924,0.35991,0.80542,0.94669,0.91019,0.94954,0.83629,0.43936,0.31157,0.79127,0.0074854,0.0074854,0.0074854
256,5304.18,0.58661,0.35873,0.80467,0.94689,0.91104,0.94957,0.83559,0.43939,0.31149,0.7915,0.0074755,0.0074755,0.0074755
257,5324.72,0.58321,0.36135,0.80658,0.94697,0.91023,0.94895,0.83525,0.43843,0.31273,0.79154,0.0074656,0.0074656,0.0074656
258,5345.46,0.59279,0.36122,0.80611,0.9447,0.91024,0.94845,0.83555,0.43793,0.31325,0.7915,0.0074557,0.0074557,0.0074557
259,5365.89,0.59367,0.35894,0.80551,0.94651,0.91023,0.94962,0.83551,0.43942,0.31263,0.79159,0.0074458,0.0074458,0.0074458
260,5386.35,0.58517,0.35956,0.80616,0.94687,0.91124,0.94989,0.83626,0.4375,0.3112,0.79113,0.0074359,0.0074359,0.0074359
261,5407.16,0.59286,0.36215,0.80564,0.9471,0.91035,0.94885,0.8361,0.43775,0.3127,0.79099,0.007426,0.007426,0.007426
262,5427.75,0.58752,0.36018,0.80541,0.94661,0.91174,0.94955,0.83602,0.43895,0.31257,0.79108,0.0074161,0.0074161,0.0074161
263,5448.33,0.58018,0.3559,0.80552,0.94748,0.91101,0.94936,0.83526,0.43984,0.31278,0.7912,0.0074062,0.0074062,0.0074062
264,5469.52,0.58407,0.35699,0.80551,0.94717,0.91032,0.94803,0.83486,0.4385,0.31306,0.79103,0.0073963,0.0073963,0.0073963
265,5490.36,0.58627,0.35778,0.80554,0.9477,0.90987,0.94861,0.83575,0.43781,0.31263,0.79111,0.0073864,0.0073864,0.0073864
266,5510.6,0.58131,0.35534,0.80579,0.94609,0.91062,0.94927,0.8359,0.43741,0.31156,0.79107,0.0073765,0.0073765,0.0073765
267,5531.16,0.58479,0.35511,0.80618,0.94452,0.91193,0.94844,0.83632,0.43685,0.31178,0.79094,0.0073666,0.0073666,0.0073666
268,5551.92,0.5837,0.35627,0.80499,0.94423,0.9118,0.94818,0.83627,0.43664,0.3116,0.79105,0.0073567,0.0073567,0.0073567
269,5572.49,0.58755,0.35921,0.80585,0.945,0.91164,0.94916,0.83674,0.43675,0.31109,0.79138,0.0073468,0.0073468,0.0073468
270,5593.34,0.58453,0.35534,0.80475,0.94316,0.91288,0.94883,0.83601,0.4381,0.31176,0.79151,0.0073369,0.0073369,0.0073369
271,5614.41,0.58638,0.35685,0.80577,0.9431,0.91228,0.94863,0.83609,0.43743,0.31152,0.79133,0.007327,0.007327,0.007327
272,5635.42,0.58492,0.35603,0.80562,0.9444,0.91152,0.94867,0.83513,0.43857,0.31207,0.79149,0.0073171,0.0073171,0.0073171
273,5655.73,0.5793,0.35502,0.80534,0.94635,0.91031,0.9489,0.83573,0.43841,0.31202,0.79118,0.0073072,0.0073072,0.0073072
274,5676.16,0.58191,0.35795,0.80495,0.94383,0.91355,0.95034,0.8367,0.43683,0.31094,0.7908,0.0072973,0.0072973,0.0072973
275,5696.85,0.58387,0.35705,0.80564,0.94322,0.91356,0.95029,0.83658,0.43687,0.31008,0.79088,0.0072874,0.0072874,0.0072874
276,5718.56,0.58929,0.35709,0.80501,0.94611,0.91149,0.95041,0.83736,0.43668,0.30939,0.79087,0.0072775,0.0072775,0.0072775
277,5738.72,0.58215,0.35404,0.80438,0.94652,0.91164,0.95037,0.83748,0.43587,0.30928,0.79076,0.0072676,0.0072676,0.0072676
278,5760.05,0.58076,0.35548,0.80458,0.9465,0.9106,0.94917,0.83709,0.43641,0.30928,0.79082,0.0072577,0.0072577,0.0072577
279,5780.64,0.58229,0.35805,0.80463,0.94472,0.9107,0.9488,0.83651,0.43662,0.31038,0.7909,0.0072478,0.0072478,0.0072478
280,5801.33,0.58523,0.35629,0.80454,0.94604,0.91006,0.94932,0.83639,0.43582,0.3099,0.79071,0.0072379,0.0072379,0.0072379
281,5822.1,0.57732,0.35404,0.80401,0.94557,0.91018,0.94917,0.83696,0.43559,0.30966,0.79091,0.007228,0.007228,0.007228
282,5842.53,0.58277,0.35726,0.80526,0.94733,0.91028,0.95041,0.83765,0.43471,0.30847,0.79067,0.0072181,0.0072181,0.0072181
283,5863.26,0.57624,0.35414,0.80397,0.94841,0.90902,0.94903,0.83728,0.43544,0.31029,0.79081,0.0072082,0.0072082,0.0072082
284,5883.98,0.58396,0.3543,0.80364,0.94828,0.90904,0.94984,0.83769,0.43525,0.31084,0.79074,0.0071983,0.0071983,0.0071983
285,5904.64,0.57876,0.35527,0.80421,0.94713,0.90882,0.94952,0.83736,0.43448,0.311,0.79072,0.0071884,0.0071884,0.0071884
286,5924.92,0.57533,0.35387,0.80543,0.94707,0.90973,0.94975,0.83746,0.43429,0.31009,0.79053,0.0071785,0.0071785,0.0071785
287,5946.13,0.57874,0.35443,0.80403,0.94699,0.91098,0.95016,0.83769,0.43466,0.30906,0.79055,0.0071686,0.0071686,0.0071686
288,5966.77,0.58176,0.35349,0.80515,0.94672,0.91129,0.95033,0.8374,0.43458,0.30864,0.7906,0.0071587,0.0071587,0.0071587
289,5987.93,0.57698,0.35442,0.80486,0.94846,0.90928,0.95042,0.83792,0.43398,0.3089,0.79059,0.0071488,0.0071488,0.0071488
290,6009,0.58335,0.357,0.80458,0.94774,0.91025,0.94955,0.83762,0.43367,0.30907,0.79055,0.0071389,0.0071389,0.0071389
291,6029.67,0.58006,0.35373,0.80406,0.94661,0.91142,0.94936,0.83788,0.43349,0.3092,0.79034,0.007129,0.007129,0.007129
292,6050.35,0.58227,0.35578,0.80412,0.94593,0.9117,0.94935,0.8376,0.43368,0.30919,0.79038,0.0071191,0.0071191,0.0071191
293,6070.97,0.57778,0.35197,0.80452,0.94628,0.91242,0.94936,0.83779,0.4333,0.30919,0.79026,0.0071092,0.0071092,0.0071092
294,6092.06,0.57326,0.35371,0.80426,0.9484,0.91049,0.94938,0.83793,0.43279,0.30912,0.79022,0.0070993,0.0070993,0.0070993
295,6112.51,0.57548,0.35103,0.80501,0.94967,0.90962,0.94942,0.83801,0.43256,0.30826,0.79011,0.0070894,0.0070894,0.0070894
296,6132.78,0.57919,0.35575,0.80518,0.95004,0.90895,0.94988,0.83773,0.43328,0.3078,0.7902,0.0070795,0.0070795,0.0070795
297,6153.44,0.57144,0.35205,0.80401,0.94789,0.90926,0.94908,0.8367,0.4335,0.30945,0.79019,0.0070696,0.0070696,0.0070696
298,6173.88,0.57552,0.35176,0.80356,0.94687,0.91057,0.94967,0.83765,0.4328,0.30906,0.79018,0.0070597,0.0070597,0.0070597
299,6195.17,0.57532,0.35116,0.80408,0.94655,0.91082,0.94992,0.83789,0.43223,0.30877,0.79018,0.0070498,0.0070498,0.0070498
300,6215.98,0.57692,0.35227,0.80443,0.94876,0.90902,0.95014,0.83797,0.43202,0.30835,0.7902,0.0070399,0.0070399,0.0070399
301,6237.03,0.57656,0.35159,0.80426,0.94727,0.9104,0.94972,0.83852,0.43112,0.30864,0.79005,0.00703,0.00703,0.00703
302,6257.52,0.57175,0.35073,0.80421,0.94747,0.90948,0.94956,0.83831,0.43082,0.30845,0.79,0.0070201,0.0070201,0.0070201
303,6278.48,0.57749,0.35299,0.80487,0.94854,0.90852,0.94947,0.83768,0.43189,0.30896,0.79013,0.0070102,0.0070102,0.0070102
304,6299.44,0.57718,0.35365,0.80389,0.94921,0.90758,0.94941,0.83792,0.43165,0.30899,0.79009,0.0070003,0.0070003,0.0070003
305,6320.27,0.57375,0.35042,0.80367,0.94899,0.9087,0.94956,0.83774,0.43194,0.3087,0.79021,0.0069904,0.0069904,0.0069904
306,6340.78,0.57697,0.35294,0.80417,0.94853,0.90893,0.94965,0.83886,0.43062,0.30844,0.79,0.0069805,0.0069805,0.0069805
307,6361.23,0.57379,0.35149,0.80432,0.94848,0.91023,0.95008,0.83901,0.43063,0.30777,0.78994,0.0069706,0.0069706,0.0069706
308,6382.26,0.57682,0.35081,0.80455,0.94733,0.91193,0.95058,0.83969,0.43075,0.30704,0.78995,0.0069607,0.0069607,0.0069607
309,6402.45,0.57038,0.35342,0.80412,0.94711,0.91154,0.95071,0.84,0.43022,0.30635,0.78996,0.0069508,0.0069508,0.0069508
310,6422.76,0.57005,0.34912,0.80394,0.94855,0.91066,0.95115,0.84048,0.43014,0.30617,0.79004,0.0069409,0.0069409,0.0069409
311,6443.48,0.5723,0.35113,0.80319,0.94794,0.91171,0.95151,0.8398,0.43116,0.30671,0.7902,0.006931,0.006931,0.006931
312,6463.78,0.57398,0.34958,0.80414,0.94795,0.9112,0.9514,0.83976,0.43051,0.30622,0.7901,0.0069211,0.0069211,0.0069211
313,6484.45,0.57253,0.34746,0.80388,0.9493,0.90981,0.95117,0.83983,0.4299,0.30593,0.79007,0.0069112,0.0069112,0.0069112
314,6506.03,0.56921,0.34969,0.80393,0.94861,0.91032,0.95073,0.8399,0.42975,0.30643,0.79005,0.0069013,0.0069013,0.0069013
315,6526.6,0.57286,0.35067,0.80401,0.94971,0.90975,0.9509,0.84021,0.42898,0.3057,0.78998,0.0068914,0.0068914,0.0068914
316,6547.38,0.56893,0.35072,0.80394,0.94931,0.91012,0.95135,0.84054,0.42871,0.30514,0.79003,0.0068815,0.0068815,0.0068815
317,6568.73,0.57534,0.35171,0.80376,0.94868,0.91089,0.95127,0.84051,0.42833,0.30477,0.78994,0.0068716,0.0068716,0.0068716
318,6589.15,0.57207,0.35,0.80436,0.94909,0.91121,0.9514,0.84052,0.42805,0.30455,0.79008,0.0068617,0.0068617,0.0068617
319,6610.08,0.57241,0.34994,0.80429,0.94789,0.91087,0.95086,0.84053,0.42786,0.3044,0.79006,0.0068518,0.0068518,0.0068518
320,6630.74,0.5687,0.34854,0.803,0.94736,0.91043,0.95088,0.84042,0.42827,0.30453,0.79001,0.0068419,0.0068419,0.0068419
321,6651.24,0.57441,0.34859,0.80352,0.94671,0.91292,0.95098,0.84063,0.42811,0.30447,0.78992,0.006832,0.006832,0.006832
322,6671.32,0.56912,0.34859,0.80331,0.94745,0.91193,0.95112,0.84086,0.42772,0.30429,0.78994,0.0068221,0.0068221,0.0068221
323,6692.06,0.57076,0.34696,0.8035,0.94558,0.91415,0.95103,0.84067,0.42784,0.30425,0.78998,0.0068122,0.0068122,0.0068122
324,6713.25,0.56934,0.34905,0.80352,0.94716,0.91248,0.9507,0.84058,0.42724,0.30439,0.78979,0.0068023,0.0068023,0.0068023
325,6733.65,0.56935,0.34912,0.80443,0.94524,0.91485,0.95089,0.84079,0.42707,0.30434,0.78978,0.0067924,0.0067924,0.0067924
326,6754.33,0.56789,0.34898,0.80399,0.94715,0.91283,0.95114,0.84083,0.42753,0.30426,0.78979,0.0067825,0.0067825,0.0067825
327,6775.13,0.56452,0.34923,0.804,0.94544,0.9146,0.95103,0.84074,0.42723,0.30457,0.78972,0.0067726,0.0067726,0.0067726
328,6796.01,0.56955,0.34746,0.80409,0.94776,0.91225,0.95129,0.84105,0.42687,0.30462,0.78972,0.0067627,0.0067627,0.0067627
329,6816.56,0.57227,0.34839,0.80326,0.94588,0.91403,0.95169,0.84165,0.42665,0.30411,0.78963,0.0067528,0.0067528,0.0067528
330,6837.4,0.56894,0.3489,0.80339,0.94627,0.91396,0.9517,0.84169,0.42632,0.30336,0.78955,0.0067429,0.0067429,0.0067429
331,6858.37,0.56929,0.34764,0.80346,0.94622,0.91455,0.95166,0.84177,0.42604,0.30308,0.78954,0.006733,0.006733,0.006733
332,6879.02,0.56891,0.34779,0.80365,0.94757,0.91367,0.95179,0.84178,0.42586,0.30275,0.78958,0.0067231,0.0067231,0.0067231
333,6899.79,0.56769,0.34862,0.80292,0.94832,0.91336,0.952,0.84208,0.42546,0.30259,0.7895,0.0067132,0.0067132,0.0067132
334,6920.47,0.56675,0.34986,0.80343,0.94767,0.91358,0.95146,0.8416,0.42593,0.30292,0.78955,0.0067033,0.0067033,0.0067033
335,6941.46,0.57062,0.34818,0.80288,0.94682,0.91406,0.95153,0.84165,0.42573,0.30252,0.78951,0.0066934,0.0066934,0.0066934
336,6962.08,0.56299,0.34407,0.80243,0.94731,0.91402,0.95146,0.84148,0.42597,0.30252,0.78952,0.0066835,0.0066835,0.0066835
337,6982.97,0.56577,0.34751,0.80308,0.94815,0.91293,0.95131,0.84139,0.42629,0.30288,0.7895,0.0066736,0.0066736,0.0066736
338,7002.98,0.55938,0.34462,0.80267,0.94706,0.91464,0.95172,0.84161,0.4265,0.30252,0.78944,0.0066637,0.0066637,0.0066637
339,7024.21,0.56842,0.34791,0.80287,0.94714,0.91381,0.95167,0.84162,0.42626,0.3024,0.78935,0.0066538,0.0066538,0.0066538
340,7044.47,0.56978,0.34737,0.80299,0.94745,0.91304,0.95155,0.84152,0.42618,0.30249,0.78937,0.0066439,0.0066439,0.0066439
341,7065.26,0.56414,0.34889,0.80344,0.9491,0.91194,0.9517,0.84159,0.42637,0.30208,0.78941,0.006634,0.006634,0.006634
342,7086.01,0.56571,0.34573,0.80323,0.94974,0.91145,0.9519,0.84167,0.42629,0.30188,0.78938,0.0066241,0.0066241,0.0066241
343,7106.34,0.56035,0.345,0.8029,0.95025,0.91152,0.95207,0.8419,0.42586,0.30144,0.78933,0.0066142,0.0066142,0.0066142
344,7127.08,0.56703,0.34632,0.80261,0.95008,0.91225,0.95225,0.84216,0.42575,0.30105,0.78929,0.0066043,0.0066043,0.0066043
345,7147.82,0.56947,0.34601,0.80323,0.95101,0.9118,0.95263,0.84247,0.42561,0.3008,0.78932,0.0065944,0.0065944,0.0065944
346,7168.17,0.56605,0.34728,0.80367,0.94908,0.91328,0.9527,0.84242,0.42523,0.3005,0.78931,0.0065845,0.0065845,0.0065845
347,7188.75,0.56363,0.34351,0.80226,0.95124,0.91244,0.95258,0.84234,0.42469,0.30037,0.78925,0.0065746,0.0065746,0.0065746
348,7209.39,0.56427,0.34579,0.80274,0.95126,0.91168,0.95262,0.84245,0.42472,0.30072,0.78925,0.0065647,0.0065647,0.0065647
349,7230.12,0.56708,0.34571,0.80226,0.94958,0.91261,0.95239,0.84213,0.425,0.30095,0.78928,0.0065548,0.0065548,0.0065548
350,7250.59,0.56422,0.3462,0.8024,0.94903,0.91371,0.95226,0.84229,0.42495,0.30092,0.78925,0.0065449,0.0065449,0.0065449
351,7271.11,0.56595,0.34603,0.80338,0.94965,0.91209,0.95181,0.84161,0.42519,0.30127,0.78925,0.006535,0.006535,0.006535
352,7292.05,0.56568,0.34674,0.80278,0.9478,0.91349,0.95175,0.84169,0.42462,0.30122,0.78918,0.0065251,0.0065251,0.0065251
353,7313.3,0.56199,0.34405,0.803,0.94764,0.91342,0.95166,0.84177,0.42443,0.30105,0.7891,0.0065152,0.0065152,0.0065152
354,7334.4,0.56275,0.34827,0.80274,0.94861,0.91378,0.95176,0.84163,0.42413,0.30036,0.78908,0.0065053,0.0065053,0.0065053
355,7355.67,0.56389,0.3477,0.8031,0.94874,0.91352,0.95161,0.84171,0.424,0.30037,0.78909,0.0064954,0.0064954,0.0064954
356,7376.58,0.56438,0.34763,0.80267,0.94923,0.91314,0.95175,0.84204,0.42354,0.30037,0.78901,0.0064855,0.0064855,0.0064855
357,7397.28,0.55763,0.34479,0.80314,0.94915,0.91343,0.95173,0.84218,0.42329,0.3,0.78895,0.0064756,0.0064756,0.0064756
358,7417.73,0.56406,0.34366,0.80309,0.95009,0.91273,0.95164,0.84214,0.42286,0.30005,0.78887,0.0064657,0.0064657,0.0064657
359,7438.14,0.5612,0.34433,0.80246,0.94935,0.91359,0.9519,0.84226,0.4228,0.3,0.78888,0.0064558,0.0064558,0.0064558
360,7459.04,0.5635,0.34237,0.80332,0.94926,0.91336,0.95191,0.84234,0.42243,0.29983,0.78887,0.0064459,0.0064459,0.0064459
361,7479.97,0.56257,0.34618,0.80326,0.94988,0.91288,0.95192,0.84208,0.42242,0.29968,0.78883,0.006436,0.006436,0.006436
362,7500.53,0.56066,0.3456,0.80244,0.95034,0.91273,0.95199,0.84243,0.42221,0.29983,0.78886,0.0064261,0.0064261,0.0064261
363,7521.12,0.55791,0.34214,0.80265,0.95109,0.91269,0.952,0.84254,0.4219,0.29976,0.78885,0.0064162,0.0064162,0.0064162
364,7541.85,0.56022,0.34325,0.80254,0.95114,0.91192,0.95209,0.84291,0.42165,0.2997,0.7888,0.0064063,0.0064063,0.0064063
365,7562.42,0.55994,0.34315,0.80252,0.95066,0.91225,0.95207,0.84292,0.42154,0.29996,0.78879,0.0063964,0.0063964,0.0063964
366,7583.01,0.55471,0.34187,0.80199,0.95091,0.91237,0.95238,0.8432,0.42126,0.29984,0.78882,0.0063865,0.0063865,0.0063865
367,7604.12,0.55802,0.34511,0.80274,0.95059,0.912,0.95227,0.84321,0.42123,0.29986,0.78878,0.0063766,0.0063766,0.0063766
368,7624.56,0.56339,0.34317,0.80212,0.9509,0.91202,0.95243,0.84329,0.42146,0.29983,0.78876,0.0063667,0.0063667,0.0063667
369,7645.24,0.55955,0.34367,0.80263,0.95072,0.912,0.95241,0.84332,0.42144,0.29961,0.78879,0.0063568,0.0063568,0.0063568
370,7666.04,0.55955,0.34403,0.80264,0.94982,0.91244,0.95219,0.84329,0.42118,0.29966,0.78876,0.0063469,0.0063469,0.0063469
371,7686.76,0.56007,0.34209,0.80255,0.94978,0.91228,0.95205,0.84301,0.42088,0.29985,0.78876,0.006337,0.006337,0.006337
372,7707.79,0.56099,0.34261,0.80223,0.95007,0.91193,0.952,0.84313,0.42073,0.29972,0.78869,0.0063271,0.0063271,0.0063271
373,7728.33,0.55831,0.34431,0.80258,0.94955,0.91269,0.95226,0.84355,0.42056,0.2994,0.78872,0.0063172,0.0063172,0.0063172
374,7748.83,0.56081,0.34239,0.80177,0.94907,0.91301,0.95222,0.84358,0.42037,0.29893,0.7887,0.0063073,0.0063073,0.0063073
375,7770.03,0.56026,0.34285,0.80247,0.94817,0.914,0.95225,0.8436,0.42024,0.29866,0.78861,0.0062974,0.0062974,0.0062974
376,7790.51,0.55685,0.34283,0.802,0.94897,0.91365,0.95252,0.84384,0.42008,0.29849,0.78855,0.0062875,0.0062875,0.0062875
377,7811.7,0.55162,0.34094,0.80245,0.9489,0.91371,0.9525,0.8437,0.42008,0.29861,0.78856,0.0062776,0.0062776,0.0062776
378,7832.55,0.55854,0.34288,0.80188,0.94884,0.91374,0.95242,0.84388,0.41989,0.29871,0.78852,0.0062677,0.0062677,0.0062677
379,7853.53,0.55902,0.34434,0.80269,0.94967,0.9132,0.95246,0.84368,0.42028,0.29891,0.78855,0.0062578,0.0062578,0.0062578
380,7874.33,0.55857,0.34161,0.80179,0.94967,0.91339,0.95255,0.84379,0.4204,0.29904,0.78857,0.0062479,0.0062479,0.0062479
381,7894.78,0.55824,0.34198,0.80126,0.94925,0.91361,0.95257,0.84394,0.42018,0.29918,0.78854,0.006238,0.006238,0.006238
382,7915.29,0.55759,0.34221,0.80249,0.94909,0.91368,0.95246,0.84382,0.42016,0.29896,0.78854,0.0062281,0.0062281,0.0062281
383,7935.91,0.5535,0.3429,0.80343,0.94956,0.91346,0.95261,0.84396,0.41984,0.29878,0.7885,0.0062182,0.0062182,0.0062182
384,7957.11,0.5567,0.34125,0.80188,0.94999,0.91374,0.95274,0.84452,0.41943,0.29787,0.78848,0.0062083,0.0062083,0.0062083
385,7977.6,0.55607,0.34371,0.80235,0.95058,0.91368,0.95288,0.84467,0.41907,0.29736,0.78846,0.0061984,0.0061984,0.0061984
386,7998.36,0.55555,0.3419,0.80272,0.95138,0.91296,0.95284,0.84461,0.41891,0.29742,0.78842,0.0061885,0.0061885,0.0061885
387,8018.8,0.55008,0.33971,0.80215,0.95161,0.91235,0.95273,0.84474,0.41874,0.29766,0.78842,0.0061786,0.0061786,0.0061786
388,8039.87,0.54983,0.33933,0.80176,0.95129,0.913,0.95278,0.84477,0.41858,0.29752,0.78839,0.0061687,0.0061687,0.0061687
389,8060.33,0.55571,0.33911,0.80189,0.95194,0.91225,0.95277,0.84469,0.41865,0.29743,0.78837,0.0061588,0.0061588,0.0061588
390,8081.39,0.55496,0.34281,0.80206,0.95115,0.91292,0.95279,0.84466,0.41866,0.29738,0.78839,0.0061489,0.0061489,0.0061489
391,8102.1,0.55897,0.34043,0.80236,0.95132,0.91286,0.95278,0.84473,0.41857,0.29754,0.78839,0.006139,0.006139,0.006139
392,8122.4,0.55738,0.34038,0.80171,0.95065,0.91317,0.95292,0.84474,0.41864,0.29731,0.78843,0.0061291,0.0061291,0.0061291
393,8143.23,0.55889,0.34258,0.80186,0.94987,0.91403,0.95287,0.84471,0.41823,0.29704,0.78837,0.0061192,0.0061192,0.0061192
394,8164.12,0.5534,0.33975,0.80211,0.95029,0.91355,0.95295,0.84472,0.41793,0.29678,0.78839,0.0061093,0.0061093,0.0061093
395,8185.11,0.55415,0.33982,0.80162,0.94932,0.91444,0.95306,0.84507,0.41792,0.29658,0.78837,0.0060994,0.0060994,0.0060994
396,8205.43,0.55155,0.33972,0.80144,0.94964,0.91457,0.95323,0.84503,0.41782,0.29638,0.78833,0.0060895,0.0060895,0.0060895
397,8225.97,0.55385,0.33961,0.80125,0.94926,0.91486,0.95325,0.84506,0.41799,0.29641,0.78831,0.0060796,0.0060796,0.0060796
398,8246.89,0.55748,0.34113,0.80257,0.94926,0.91432,0.95311,0.8452,0.41733,0.29606,0.78827,0.0060697,0.0060697,0.0060697
399,8268.08,0.55071,0.33868,0.80149,0.94887,0.91464,0.95304,0.84512,0.41724,0.29607,0.78827,0.0060598,0.0060598,0.0060598
400,8289.03,0.55581,0.34103,0.80224,0.94964,0.91368,0.95299,0.84509,0.41721,0.29628,0.78826,0.0060499,0.0060499,0.0060499
401,8309.6,0.55808,0.34204,0.80159,0.95016,0.91292,0.95289,0.84502,0.41717,0.29643,0.78828,0.00604,0.00604,0.00604
402,8330.41,0.55291,0.33971,0.80144,0.9505,0.91269,0.95278,0.84502,0.41711,0.29651,0.78826,0.0060301,0.0060301,0.0060301
403,8351.69,0.55741,0.34099,0.80152,0.95044,0.91285,0.953,0.84513,0.41727,0.29655,0.78825,0.0060202,0.0060202,0.0060202
404,8372.69,0.55435,0.33968,0.80177,0.952,0.91171,0.95297,0.84516,0.41727,0.29649,0.78824,0.0060103,0.0060103,0.0060103
405,8393.09,0.54935,0.33701,0.80129,0.95169,0.91215,0.95306,0.84512,0.41739,0.29655,0.78825,0.0060004,0.0060004,0.0060004
406,8413.34,0.55683,0.33934,0.80213,0.94945,0.91403,0.95305,0.84504,0.41739,0.29657,0.78821,0.0059905,0.0059905,0.0059905
407,8433.49,0.55079,0.33928,0.80109,0.9495,0.91416,0.95297,0.84506,0.4172,0.2965,0.78821,0.0059806,0.0059806,0.0059806
408,8455.09,0.55387,0.33834,0.8017,0.94923,0.91433,0.95303,0.84527,0.41705,0.2963,0.7882,0.0059707,0.0059707,0.0059707
409,8476.34,0.54756,0.33691,0.80124,0.94926,0.9143,0.95287,0.84514,0.41677,0.29634,0.78818,0.0059608,0.0059608,0.0059608
410,8496.96,0.55409,0.33967,0.80203,0.94921,0.91456,0.95298,0.84513,0.4168,0.29625,0.7882,0.0059509,0.0059509,0.0059509
411,8517.52,0.55172,0.33934,0.80157,0.94952,0.91438,0.95299,0.84523,0.41676,0.29649,0.78817,0.005941,0.005941,0.005941
412,8538.43,0.55126,0.33622,0.80147,0.94941,0.91447,0.9529,0.84514,0.41681,0.29636,0.7882,0.0059311,0.0059311,0.0059311
413,8560.11,0.55058,0.33845,0.80226,0.94961,0.91439,0.95283,0.8451,0.41673,0.29635,0.78815,0.0059212,0.0059212,0.0059212
414,8580.29,0.55032,0.33977,0.80112,0.94957,0.91427,0.95279,0.84514,0.41657,0.29629,0.78814,0.0059113,0.0059113,0.0059113
415,8601.11,0.55055,0.33815,0.80149,0.94949,0.91419,0.95281,0.84521,0.41637,0.29625,0.78816,0.0059014,0.0059014,0.0059014
416,8621.28,0.54862,0.33881,0.8014,0.94954,0.91427,0.9528,0.84521,0.41638,0.29626,0.78818,0.0058915,0.0058915,0.0058915
417,8641.65,0.55273,0.34049,0.80094,0.94945,0.91446,0.95274,0.84521,0.41643,0.29634,0.78817,0.0058816,0.0058816,0.0058816
418,8662.38,0.55529,0.34148,0.8013,0.94963,0.91427,0.95251,0.84499,0.41625,0.29608,0.78816,0.0058717,0.0058717,0.0058717
419,8683.48,0.55061,0.33539,0.80081,0.94924,0.91444,0.95244,0.84489,0.41628,0.29609,0.78814,0.0058618,0.0058618,0.0058618
420,8704.15,0.54998,0.33838,0.80132,0.94947,0.91454,0.95252,0.84507,0.41608,0.29604,0.78809,0.0058519,0.0058519,0.0058519
421,8725.36,0.54935,0.3367,0.80096,0.94951,0.91488,0.95257,0.84528,0.41622,0.29606,0.78809,0.005842,0.005842,0.005842
422,8746.02,0.54899,0.33708,0.80135,0.94913,0.91491,0.95255,0.84531,0.41597,0.29587,0.78807,0.0058321,0.0058321,0.0058321
423,8766.59,0.55093,0.33836,0.80082,0.94971,0.91434,0.95256,0.84538,0.41583,0.29572,0.78807,0.0058222,0.0058222,0.0058222
424,8787.42,0.5515,0.33731,0.80096,0.95058,0.91409,0.95276,0.84553,0.41589,0.2956,0.78808,0.0058123,0.0058123,0.0058123
425,8808.3,0.54732,0.33629,0.80104,0.95031,0.91428,0.95276,0.84547,0.4156,0.29554,0.78806,0.0058024,0.0058024,0.0058024
426,8828.85,0.54399,0.33652,0.80182,0.95042,0.91432,0.9529,0.8456,0.41555,0.29558,0.78804,0.0057925,0.0057925,0.0057925
427,8849.41,0.54795,0.33643,0.80089,0.95066,0.9141,0.95295,0.84558,0.41537,0.2953,0.78802,0.0057826,0.0057826,0.0057826
428,8870.4,0.54853,0.33613,0.80031,0.9506,0.91441,0.95304,0.84595,0.41519,0.29506,0.78799,0.0057727,0.0057727,0.0057727
429,8891.13,0.54581,0.33695,0.80148,0.95043,0.91522,0.95316,0.84607,0.41512,0.29482,0.78799,0.0057628,0.0057628,0.0057628
430,8912.11,0.54589,0.33629,0.80079,0.95073,0.91497,0.95311,0.8459,0.41518,0.29491,0.788,0.0057529,0.0057529,0.0057529
431,8932.78,0.5515,0.33825,0.80115,0.95081,0.91458,0.95317,0.84606,0.41487,0.29495,0.78796,0.005743,0.005743,0.005743
432,8953.51,0.54816,0.33974,0.80153,0.95076,0.91487,0.95313,0.84604,0.41497,0.29501,0.78796,0.0057331,0.0057331,0.0057331
433,8973.93,0.54977,0.34094,0.80113,0.95269,0.91259,0.95315,0.84618,0.41502,0.29498,0.78794,0.0057232,0.0057232,0.0057232
434,8994.47,0.54854,0.33672,0.80168,0.95242,0.91292,0.95319,0.84628,0.41497,0.29487,0.78792,0.0057133,0.0057133,0.0057133
435,9014.61,0.54365,0.33627,0.80146,0.9525,0.9126,0.95306,0.84643,0.41473,0.29515,0.78788,0.0057034,0.0057034,0.0057034
436,9036.14,0.55022,0.33552,0.80149,0.95327,0.91164,0.95314,0.84658,0.41458,0.2951,0.78786,0.0056935,0.0056935,0.0056935
437,9057.03,0.54825,0.33632,0.80147,0.95297,0.91177,0.9531,0.84639,0.41461,0.29495,0.78784,0.0056836,0.0056836,0.0056836
438,9078.33,0.54944,0.33502,0.80081,0.95262,0.91247,0.95305,0.84635,0.41453,0.29488,0.78785,0.0056737,0.0056737,0.0056737
439,9099.22,0.5444,0.33634,0.80137,0.95236,0.91317,0.95312,0.84634,0.41443,0.29477,0.78783,0.0056638,0.0056638,0.0056638
440,9120.69,0.55056,0.33917,0.80097,0.95166,0.91407,0.95312,0.84648,0.41444,0.29475,0.78783,0.0056539,0.0056539,0.0056539
441,9140.97,0.54331,0.33249,0.8005,0.95157,0.91447,0.95316,0.84638,0.41434,0.29458,0.78781,0.005644,0.005644,0.005644
442,9161.58,0.54657,0.33554,0.80021,0.95178,0.91415,0.95325,0.8466,0.41435,0.29465,0.78779,0.0056341,0.0056341,0.0056341
443,9182.46,0.54376,0.33213,0.80043,0.9519,0.91469,0.9533,0.84667,0.41419,0.29461,0.78776,0.0056242,0.0056242,0.0056242
444,9203.22,0.54065,0.33437,0.80136,0.95193,0.91439,0.95331,0.84672,0.41419,0.29469,0.78776,0.0056143,0.0056143,0.0056143
445,9223.65,0.54363,0.33506,0.80098,0.95104,0.91536,0.95331,0.84664,0.4143,0.29467,0.78773,0.0056044,0.0056044,0.0056044
446,9244.66,0.5481,0.3364,0.80088,0.9512,0.91533,0.95331,0.84684,0.41408,0.29461,0.78772,0.0055945,0.0055945,0.0055945
447,9264.92,0.54473,0.33513,0.80095,0.9515,0.91462,0.95333,0.84684,0.41401,0.29446,0.78771,0.0055846,0.0055846,0.0055846
448,9285.94,0.54517,0.33533,0.8004,0.95154,0.91434,0.95331,0.84681,0.41406,0.29445,0.78771,0.0055747,0.0055747,0.0055747
449,9307.07,0.54253,0.33223,0.80122,0.95133,0.91488,0.9534,0.84702,0.41412,0.29442,0.78769,0.0055648,0.0055648,0.0055648
450,9327.7,0.54175,0.33221,0.80096,0.95124,0.915,0.95337,0.84702,0.41409,0.29451,0.78768,0.0055549,0.0055549,0.0055549
451,9348.12,0.54831,0.33645,0.80155,0.95171,0.91433,0.95331,0.84714,0.41415,0.2945,0.78767,0.005545,0.005545,0.005545
452,9368.71,0.54751,0.3371,0.80065,0.95202,0.91426,0.9533,0.84727,0.41381,0.29435,0.78767,0.0055351,0.0055351,0.0055351
453,9390.1,0.54255,0.33264,0.80124,0.95202,0.91396,0.95324,0.84736,0.41376,0.29435,0.78765,0.0055252,0.0055252,0.0055252
454,9410.58,0.54403,0.33554,0.8003,0.95203,0.91406,0.95324,0.84718,0.41406,0.29469,0.78763,0.0055153,0.0055153,0.0055153
455,9431.76,0.54614,0.33519,0.80071,0.9522,0.91377,0.9532,0.84719,0.41385,0.29467,0.78761,0.0055054,0.0055054,0.0055054
456,9452.73,0.54465,0.33613,0.80122,0.95212,0.91382,0.95317,0.84723,0.41392,0.29463,0.78763,0.0054955,0.0054955,0.0054955
457,9473.15,0.54325,0.33314,0.8004,0.95218,0.91378,0.95323,0.84735,0.41395,0.29462,0.78759,0.0054856,0.0054856,0.0054856
458,9493.99,0.54435,0.33467,0.8005,0.95146,0.91428,0.9532,0.84741,0.41387,0.29453,0.7876,0.0054757,0.0054757,0.0054757
459,9514.8,0.54661,0.33482,0.8014,0.95199,0.91396,0.95332,0.84744,0.41388,0.29449,0.78761,0.0054658,0.0054658,0.0054658
460,9535.93,0.54304,0.33396,0.80038,0.95236,0.91387,0.95331,0.84729,0.41374,0.29452,0.78761,0.0054559,0.0054559,0.0054559
461,9556.12,0.54324,0.33292,0.8007,0.95216,0.91419,0.95338,0.84754,0.41386,0.29453,0.78761,0.005446,0.005446,0.005446
462,9577.22,0.54216,0.33285,0.80091,0.95257,0.91419,0.95347,0.84758,0.41384,0.29438,0.78759,0.0054361,0.0054361,0.0054361
463,9598.71,0.54217,0.33458,0.80089,0.95163,0.9146,0.95344,0.84758,0.41388,0.29449,0.7876,0.0054262,0.0054262,0.0054262
464,9619.73,0.54194,0.33317,0.80022,0.95179,0.91466,0.95341,0.84772,0.41381,0.29457,0.78758,0.0054163,0.0054163,0.0054163
465,9640.65,0.54054,0.33471,0.79979,0.95264,0.91404,0.95343,0.84765,0.41377,0.29448,0.78757,0.0054064,0.0054064,0.0054064
466,9661.6,0.5378,0.33251,0.80041,0.95279,0.91404,0.95334,0.84758,0.41374,0.29452,0.7876,0.0053965,0.0053965,0.0053965
467,9682.26,0.54041,0.33117,0.80011,0.95268,0.9139,0.95332,0.84763,0.41365,0.2945,0.78756,0.0053866,0.0053866,0.0053866
468,9702.93,0.53843,0.33359,0.80054,0.95236,0.91421,0.95343,0.84778,0.41366,0.29455,0.78754,0.0053767,0.0053767,0.0053767
469,9723.63,0.54088,0.33206,0.79981,0.9521,0.91462,0.95349,0.84787,0.41361,0.29457,0.78755,0.0053668,0.0053668,0.0053668
470,9744.56,0.53946,0.33268,0.79987,0.95219,0.91447,0.9535,0.84781,0.4137,0.29466,0.78754,0.0053569,0.0053569,0.0053569
471,9765.35,0.53723,0.33194,0.80047,0.95219,0.91459,0.95356,0.84777,0.41387,0.29459,0.78756,0.005347,0.005347,0.005347
472,9785.92,0.53902,0.33101,0.80095,0.95242,0.91466,0.95366,0.84796,0.41373,0.2946,0.78756,0.0053371,0.0053371,0.0053371
473,9806.49,0.54127,0.33312,0.80118,0.95249,0.91469,0.95375,0.84819,0.41367,0.29473,0.78752,0.0053272,0.0053272,0.0053272
474,9826.75,0.54046,0.33264,0.79995,0.95249,0.91466,0.95375,0.84818,0.41372,0.29461,0.78755,0.0053173,0.0053173,0.0053173
475,9847.49,0.53829,0.33072,0.80044,0.9524,0.91495,0.95378,0.84826,0.41372,0.29458,0.78752,0.0053074,0.0053074,0.0053074
476,9868.46,0.53844,0.33068,0.80017,0.9521,0.91539,0.95389,0.84831,0.41383,0.29461,0.7875,0.0052975,0.0052975,0.0052975
477,9888.64,0.53635,0.33302,0.80016,0.95217,0.91536,0.95383,0.84827,0.41403,0.2947,0.78749,0.0052876,0.0052876,0.0052876
478,9909.52,0.54088,0.33209,0.80022,0.95222,0.91536,0.95387,0.84838,0.41392,0.29475,0.7875,0.0052777,0.0052777,0.0052777
479,9929.86,0.54034,0.3325,0.80002,0.95223,0.91542,0.95382,0.8484,0.41392,0.29463,0.78746,0.0052678,0.0052678,0.0052678
480,9950.89,0.53963,0.33373,0.80064,0.95235,0.9152,0.95397,0.84834,0.41391,0.29455,0.78745,0.0052579,0.0052579,0.0052579
481,9971.04,0.53603,0.33277,0.80025,0.9529,0.91479,0.95407,0.84868,0.41383,0.29441,0.78747,0.005248,0.005248,0.005248
482,9992.44,0.53461,0.32892,0.79971,0.95281,0.91492,0.95394,0.84864,0.4138,0.2945,0.78745,0.0052381,0.0052381,0.0052381
483,10012.8,0.54042,0.33418,0.79982,0.95265,0.91494,0.95397,0.84838,0.41373,0.2946,0.78743,0.0052282,0.0052282,0.0052282
484,10034.8,0.54405,0.33165,0.80091,0.95236,0.91488,0.95392,0.84844,0.41361,0.29463,0.78743,0.0052183,0.0052183,0.0052183
485,10055.3,0.53846,0.33452,0.80024,0.95265,0.91443,0.95395,0.84861,0.41362,0.29459,0.78741,0.0052084,0.0052084,0.0052084
486,10076.1,0.54128,0.33263,0.80021,0.9525,0.91443,0.9539,0.84855,0.41357,0.29454,0.78741,0.0051985,0.0051985,0.0051985
487,10097.4,0.53862,0.33149,0.79946,0.95272,0.91425,0.95392,0.84848,0.41357,0.29458,0.78741,0.0051886,0.0051886,0.0051886
488,10117.7,0.53867,0.33235,0.79971,0.952,0.91466,0.954,0.84865,0.41356,0.2946,0.78741,0.0051787,0.0051787,0.0051787
489,10138.2,0.54079,0.33386,0.80066,0.95232,0.9146,0.95412,0.84858,0.41375,0.29474,0.7874,0.0051688,0.0051688,0.0051688
490,10158.9,0.535,0.33119,0.79974,0.95272,0.91434,0.95417,0.8487,0.41366,0.29477,0.78739,0.0051589,0.0051589,0.0051589
491,10179.3,0.53466,0.33203,0.79973,0.95275,0.91443,0.95408,0.84865,0.41371,0.2949,0.78737,0.005149,0.005149,0.005149
492,10200.3,0.53897,0.33022,0.79998,0.95263,0.91466,0.95403,0.84886,0.41381,0.29501,0.78737,0.0051391,0.0051391,0.0051391
493,10221.1,0.53684,0.33034,0.79986,0.95241,0.91473,0.95396,0.84867,0.41391,0.29509,0.78736,0.0051292,0.0051292,0.0051292
494,10241.8,0.53612,0.33008,0.80022,0.95257,0.9147,0.95401,0.84877,0.41401,0.29518,0.78734,0.0051193,0.0051193,0.0051193
495,10262.3,0.53296,0.33098,0.79949,0.95229,0.91482,0.95399,0.84879,0.41397,0.2952,0.78732,0.0051094,0.0051094,0.0051094
496,10282.9,0.53442,0.33007,0.79998,0.95237,0.91505,0.95408,0.84881,0.41394,0.29508,0.78732,0.0050995,0.0050995,0.0050995
497,10303.5,0.5369,0.3303,0.79987,0.9523,0.91507,0.95409,0.84857,0.41396,0.29532,0.7873,0.0050896,0.0050896,0.0050896
498,10324.3,0.5342,0.33042,0.79909,0.95253,0.91508,0.95404,0.8487,0.41393,0.2952,0.78729,0.0050797,0.0050797,0.0050797
499,10344.4,0.53843,0.33152,0.79999,0.95253,0.91505,0.95421,0.8489,0.41391,0.29517,0.78727,0.0050698,0.0050698,0.0050698
500,10365.7,0.53527,0.32896,0.79928,0.95179,0.91561,0.95413,0.84894,0.41393,0.29532,0.78728,0.0050599,0.0050599,0.0050599
501,10386.3,0.53428,0.32983,0.80038,0.95185,0.91568,0.95413,0.84893,0.41393,0.29539,0.78727,0.00505,0.00505,0.00505
502,10407.2,0.5353,0.33015,0.80016,0.95193,0.91576,0.95414,0.84898,0.41391,0.2954,0.78724,0.0050401,0.0050401,0.0050401
503,10427.9,0.53343,0.32773,0.79976,0.95195,0.91568,0.95418,0.84903,0.41396,0.29541,0.78723,0.0050302,0.0050302,0.0050302
504,10448.5,0.53378,0.32929,0.79887,0.95148,0.91605,0.95418,0.84895,0.41386,0.29547,0.78723,0.0050203,0.0050203,0.0050203
505,10468.7,0.5334,0.32953,0.80051,0.95171,0.91603,0.95421,0.84906,0.4139,0.29551,0.7872,0.0050104,0.0050104,0.0050104
506,10489.6,0.53452,0.33071,0.79935,0.95139,0.91614,0.95419,0.84912,0.41398,0.29546,0.78721,0.0050005,0.0050005,0.0050005
507,10509.7,0.5331,0.32823,0.79944,0.95155,0.91606,0.95419,0.84912,0.41397,0.29553,0.78721,0.0049906,0.0049906,0.0049906
508,10529.9,0.53177,0.32959,0.79948,0.95158,0.91615,0.95424,0.84908,0.41414,0.29565,0.78721,0.0049807,0.0049807,0.0049807
509,10550,0.53784,0.32974,0.80013,0.95173,0.91599,0.95419,0.84903,0.41417,0.29552,0.7872,0.0049708,0.0049708,0.0049708
510,10570.6,0.53195,0.33057,0.80074,0.95183,0.91615,0.95423,0.84892,0.41401,0.29551,0.78719,0.0049609,0.0049609,0.0049609
511,10591,0.53127,0.32901,0.79986,0.95167,0.91609,0.9542,0.84887,0.41415,0.29571,0.78718,0.004951,0.004951,0.004951
512,10611.9,0.53381,0.3297,0.79973,0.95188,0.91596,0.95422,0.84896,0.41414,0.29564,0.78717,0.0049411,0.0049411,0.0049411
513,10632.9,0.52666,0.32788,0.79912,0.95164,0.91612,0.95423,0.84896,0.41418,0.2956,0.78716,0.0049312,0.0049312,0.0049312
514,10654.4,0.53281,0.3291,0.79899,0.95157,0.91606,0.95425,0.84905,0.41418,0.2957,0.78715,0.0049213,0.0049213,0.0049213
515,10675,0.53356,0.32859,0.8,0.95176,0.91596,0.95428,0.8488,0.4143,0.29573,0.78716,0.0049114,0.0049114,0.0049114
516,10695.9,0.53547,0.3295,0.7994,0.95184,0.9158,0.95425,0.84887,0.41435,0.29586,0.78714,0.0049015,0.0049015,0.0049015
517,10716.7,0.53676,0.32937,0.8003,0.95181,0.91574,0.95428,0.8489,0.41448,0.29586,0.78711,0.0048916,0.0048916,0.0048916
518,10738,0.52905,0.32626,0.80006,0.95182,0.91593,0.95429,0.84872,0.41464,0.29596,0.78711,0.0048817,0.0048817,0.0048817
519,10758.1,0.52871,0.32912,0.79974,0.95207,0.91603,0.95435,0.84877,0.41475,0.29609,0.7871,0.0048718,0.0048718,0.0048718
520,10778.5,0.53444,0.32937,0.79928,0.95191,0.91577,0.95423,0.84871,0.4147,0.29611,0.78707,0.0048619,0.0048619,0.0048619
521,10798.9,0.52837,0.32849,0.79945,0.95193,0.91558,0.95419,0.84867,0.41471,0.29636,0.78706,0.004852,0.004852,0.004852
522,10819.3,0.53175,0.32757,0.7992,0.95184,0.91584,0.95423,0.84874,0.41486,0.29623,0.78706,0.0048421,0.0048421,0.0048421
523,10839.5,0.53037,0.32736,0.79921,0.95156,0.91584,0.95429,0.84868,0.41485,0.29636,0.78704,0.0048322,0.0048322,0.0048322
524,10860,0.52964,0.32712,0.79924,0.95161,0.91561,0.95417,0.84877,0.41508,0.29642,0.78705,0.0048223,0.0048223,0.0048223
525,10880.3,0.53168,0.32744,0.79969,0.95168,0.91561,0.95418,0.84869,0.41521,0.29654,0.78706,0.0048124,0.0048124,0.0048124
526,10900.9,0.53074,0.32792,0.79966,0.95173,0.91542,0.95419,0.84882,0.41532,0.29671,0.78702,0.0048025,0.0048025,0.0048025
527,10922.2,0.53354,0.32881,0.79901,0.95166,0.91599,0.95421,0.84881,0.41538,0.29663,0.78702,0.0047926,0.0047926,0.0047926
528,10943.1,0.53141,0.32766,0.79923,0.95096,0.91642,0.95417,0.84862,0.41552,0.29673,0.787,0.0047827,0.0047827,0.0047827
529,10963.8,0.53103,0.32638,0.79956,0.95107,0.91607,0.95419,0.84869,0.41537,0.29673,0.78701,0.0047728,0.0047728,0.0047728
530,10984.5,0.52718,0.32731,0.7991,0.95113,0.91604,0.95413,0.84863,0.41555,0.29671,0.78698,0.0047629,0.0047629,0.0047629
531,11005.2,0.53091,0.32862,0.79962,0.95098,0.91607,0.95415,0.84861,0.41569,0.2969,0.78697,0.004753,0.004753,0.004753
532,11026,0.52659,0.32706,0.79858,0.95121,0.91568,0.95415,0.84852,0.41577,0.29705,0.78697,0.0047431,0.0047431,0.0047431
533,11046.9,0.53134,0.32884,0.79909,0.95146,0.91558,0.9542,0.8485,0.41583,0.29694,0.78696,0.0047332,0.0047332,0.0047332
534,11067.7,0.52738,0.32617,0.79951,0.9513,0.91561,0.95413,0.84838,0.41596,0.29709,0.78692,0.0047233,0.0047233,0.0047233
535,11088.3,0.5317,0.3283,0.79889,0.95142,0.91549,0.95414,0.84826,0.41606,0.29742,0.78691,0.0047134,0.0047134,0.0047134
536,11108.8,0.52771,0.32598,0.80047,0.95104,0.91604,0.95419,0.84841,0.41614,0.29729,0.78691,0.0047035,0.0047035,0.0047035
537,11129.7,0.52571,0.32511,0.79971,0.9514,0.91571,0.95422,0.84829,0.41623,0.29748,0.7869,0.0046936,0.0046936,0.0046936
538,11150.7,0.52868,0.32844,0.79876,0.9514,0.91568,0.95418,0.84842,0.41631,0.29759,0.78689,0.0046837,0.0046837,0.0046837
539,11171.2,0.53048,0.32498,0.79888,0.95127,0.91565,0.95414,0.84825,0.41631,0.29765,0.78689,0.0046738,0.0046738,0.0046738
540,11191.9,0.52485,0.32433,0.79898,0.95124,0.91593,0.9542,0.84821,0.41634,0.29776,0.78689,0.0046639,0.0046639,0.0046639
541,11212.5,0.53289,0.32786,0.79937,0.95176,0.91533,0.95411,0.84798,0.41648,0.29789,0.78687,0.004654,0.004654,0.004654
542,11233.1,0.52808,0.32523,0.79929,0.95174,0.91498,0.95406,0.84811,0.41667,0.29796,0.78686,0.0046441,0.0046441,0.0046441
543,11253.2,0.52795,0.32624,0.79912,0.95124,0.91565,0.9541,0.8482,0.4168,0.29806,0.78686,0.0046342,0.0046342,0.0046342
544,11273.8,0.5307,0.32619,0.79906,0.95171,0.91507,0.95413,0.84822,0.41692,0.29808,0.78683,0.0046243,0.0046243,0.0046243
545,11294.6,0.52746,0.32689,0.79915,0.95153,0.91529,0.95419,0.84807,0.41703,0.29813,0.78684,0.0046144,0.0046144,0.0046144
546,11315.5,0.52569,0.32515,0.7989,0.95151,0.91533,0.95409,0.84836,0.41719,0.2982,0.78684,0.0046045,0.0046045,0.0046045
547,11336.1,0.52747,0.32593,0.7992,0.95174,0.91504,0.954,0.84811,0.41734,0.29827,0.78683,0.0045946,0.0045946,0.0045946
548,11356.7,0.52323,0.32403,0.79965,0.95175,0.91529,0.95401,0.84808,0.41757,0.29845,0.78683,0.0045847,0.0045847,0.0045847
549,11377.1,0.52681,0.32498,0.79845,0.95169,0.9153,0.95398,0.84795,0.41775,0.2985,0.78682,0.0045748,0.0045748,0.0045748
550,11397.4,0.52698,0.3268,0.79861,0.95156,0.91514,0.9539,0.84796,0.41782,0.2986,0.78684,0.0045649,0.0045649,0.0045649
551,11417.9,0.53023,0.32807,0.79927,0.95165,0.91492,0.95394,0.8479,0.41799,0.29883,0.78683,0.004555,0.004555,0.004555
552,11438.8,0.52911,0.32685,0.79887,0.95149,0.91507,0.95392,0.84774,0.41814,0.29896,0.78682,0.0045451,0.0045451,0.0045451
553,11459.6,0.52665,0.32621,0.79915,0.95171,0.91507,0.95384,0.84759,0.41821,0.29908,0.78681,0.0045352,0.0045352,0.0045352
554,11480.3,0.52173,0.32243,0.79927,0.95161,0.91488,0.95376,0.84752,0.41838,0.29925,0.78681,0.0045253,0.0045253,0.0045253
555,11501.3,0.52347,0.32651,0.7988,0.95152,0.91501,0.95379,0.84755,0.41853,0.29924,0.7868,0.0045154,0.0045154,0.0045154
556,11521.7,0.52321,0.32478,0.79875,0.95136,0.91498,0.95377,0.84734,0.41866,0.29922,0.78681,0.0045055,0.0045055,0.0045055
557,11542.7,0.52375,0.32373,0.7992,0.95133,0.91504,0.95375,0.8475,0.41866,0.29942,0.78682,0.0044956,0.0044956,0.0044956
558,11563.3,0.52331,0.32321,0.79925,0.95143,0.91498,0.95379,0.84731,0.41884,0.29961,0.78682,0.0044857,0.0044857,0.0044857
559,11584,0.52587,0.32418,0.79843,0.95109,0.91523,0.95381,0.84731,0.41914,0.29968,0.78684,0.0044758,0.0044758,0.0044758
560,11604.7,0.52829,0.32512,0.79905,0.95152,0.91488,0.95378,0.84711,0.41932,0.29974,0.78684,0.0044659,0.0044659,0.0044659
561,11625.2,0.52243,0.32201,0.79828,0.95165,0.91501,0.95381,0.84731,0.4195,0.29969,0.78686,0.004456,0.004456,0.004456
562,11645.6,0.52262,0.32329,0.79838,0.95099,0.91587,0.95381,0.84723,0.41971,0.29985,0.78685,0.0044461,0.0044461,0.0044461
563,11666.3,0.52666,0.32556,0.79811,0.95101,0.91574,0.95379,0.84713,0.41988,0.2999,0.78685,0.0044362,0.0044362,0.0044362
564,11687.1,0.52575,0.3252,0.79898,0.9509,0.91612,0.9538,0.84708,0.41998,0.30007,0.78685,0.0044263,0.0044263,0.0044263
565,11707.9,0.52381,0.32181,0.7987,0.95095,0.91611,0.95379,0.84705,0.42012,0.30007,0.78686,0.0044164,0.0044164,0.0044164
566,11728.7,0.52373,0.3245,0.79795,0.95116,0.91589,0.9538,0.84679,0.42026,0.30024,0.78685,0.0044065,0.0044065,0.0044065
567,11749.1,0.5236,0.32392,0.79888,0.95107,0.9158,0.95379,0.84696,0.42043,0.30029,0.78686,0.0043966,0.0043966,0.0043966
568,11770.1,0.52596,0.32498,0.798,0.95125,0.91592,0.95384,0.84669,0.42064,0.30036,0.78686,0.0043867,0.0043867,0.0043867
569,11791.1,0.52449,0.32402,0.79827,0.95118,0.91583,0.95379,0.8467,0.42084,0.30058,0.78685,0.0043768,0.0043768,0.0043768
570,11811.6,0.5241,0.32447,0.79896,0.9512,0.91593,0.95374,0.84681,0.42094,0.30068,0.78688,0.0043669,0.0043669,0.0043669
571,11832,0.52253,0.32177,0.79812,0.95111,0.91567,0.95369,0.84672,0.42112,0.30077,0.78688,0.004357,0.004357,0.004357
572,11852.8,0.52569,0.32606,0.79868,0.95105,0.91568,0.95372,0.84663,0.42125,0.30091,0.78689,0.0043471,0.0043471,0.0043471
573,11873.1,0.52237,0.3238,0.79859,0.95131,0.91574,0.95374,0.84665,0.42149,0.30121,0.78687,0.0043372,0.0043372,0.0043372
574,11893.5,0.52363,0.32467,0.79932,0.95106,0.91587,0.95371,0.84651,0.42166,0.30122,0.78688,0.0043273,0.0043273,0.0043273
575,11914.4,0.52632,0.32475,0.7982,0.95106,0.91577,0.95368,0.84648,0.42181,0.30122,0.78688,0.0043174,0.0043174,0.0043174
576,11934.9,0.52381,0.3238,0.79888,0.95124,0.91568,0.95361,0.84649,0.422,0.30131,0.78689,0.0043075,0.0043075,0.0043075
577,11955.7,0.52088,0.32383,0.79861,0.95118,0.91565,0.95366,0.84647,0.42209,0.30132,0.78689,0.0042976,0.0042976,0.0042976
578,11976.8,0.52108,0.32318,0.79836,0.95097,0.91584,0.95365,0.84644,0.4224,0.30136,0.78689,0.0042877,0.0042877,0.0042877
579,11997.4,0.52257,0.32452,0.79819,0.95121,0.91571,0.95371,0.84643,0.42253,0.3016,0.7869,0.0042778,0.0042778,0.0042778
580,12018,0.52224,0.3227,0.79838,0.95133,0.91568,0.95374,0.84641,0.4228,0.30153,0.78691,0.0042679,0.0042679,0.0042679
581,12038.4,0.52029,0.32282,0.79798,0.9514,0.91571,0.95376,0.84642,0.42304,0.30162,0.7869,0.004258,0.004258,0.004258
582,12059.1,0.52097,0.3216,0.79774,0.95099,0.9158,0.95374,0.84625,0.42324,0.30189,0.7869,0.0042481,0.0042481,0.0042481
583,12080.1,0.52565,0.32293,0.79856,0.95121,0.91561,0.95368,0.84621,0.42347,0.30204,0.78691,0.0042382,0.0042382,0.0042382
584,12100.8,0.51792,0.32205,0.79842,0.9513,0.91552,0.95367,0.84619,0.42362,0.30213,0.78693,0.0042283,0.0042283,0.0042283
585,12121.4,0.52385,0.32373,0.79848,0.95161,0.9153,0.95363,0.84603,0.42393,0.30228,0.78692,0.0042184,0.0042184,0.0042184
586,12142.2,0.52099,0.32254,0.79864,0.95141,0.91529,0.95358,0.84595,0.42412,0.30234,0.78692,0.0042085,0.0042085,0.0042085
587,12162.8,0.52296,0.32209,0.79769,0.95178,0.91485,0.95358,0.84589,0.4244,0.30262,0.78692,0.0041986,0.0041986,0.0041986
588,12183.3,0.51771,0.3233,0.79805,0.95099,0.91561,0.9536,0.84579,0.42466,0.30258,0.78695,0.0041887,0.0041887,0.0041887
589,12203.8,0.5179,0.32068,0.79761,0.95095,0.91558,0.95359,0.84567,0.42498,0.30279,0.78696,0.0041788,0.0041788,0.0041788
590,12224.5,0.51706,0.32041,0.7976,0.95094,0.91542,0.95356,0.84561,0.42508,0.30283,0.78696,0.0041689,0.0041689,0.0041689
591,12245.4,0.5177,0.32134,0.79903,0.95162,0.91495,0.95357,0.84568,0.42541,0.30312,0.78695,0.004159,0.004159,0.004159
592,12266.3,0.52169,0.3248,0.79825,0.95134,0.91498,0.95354,0.84545,0.42559,0.30308,0.78696,0.0041491,0.0041491,0.0041491
593,12286.3,0.51554,0.31918,0.79813,0.95142,0.91481,0.95345,0.84561,0.42579,0.30327,0.78694,0.0041392,0.0041392,0.0041392
594,12307.2,0.52146,0.32299,0.79857,0.95161,0.91482,0.95347,0.84542,0.42596,0.30337,0.78693,0.0041293,0.0041293,0.0041293
595,12328,0.5159,0.32091,0.7982,0.95161,0.91476,0.95351,0.84533,0.42619,0.3034,0.78693,0.0041194,0.0041194,0.0041194
596,12348.8,0.51956,0.32223,0.79835,0.95252,0.91358,0.95337,0.84513,0.42642,0.30349,0.78696,0.0041095,0.0041095,0.0041095
597,12369.7,0.52099,0.32328,0.79838,0.95268,0.91365,0.95342,0.84509,0.42677,0.30355,0.78697,0.0040996,0.0040996,0.0040996
598,12389.9,0.51509,0.31978,0.79744,0.95273,0.91336,0.95331,0.84496,0.42692,0.30371,0.78696,0.0040897,0.0040897,0.0040897
599,12410,0.5222,0.3236,0.79764,0.95301,0.91323,0.95333,0.84488,0.42733,0.30395,0.78695,0.0040798,0.0040798,0.0040798
600,12431.2,0.51547,0.31971,0.79789,0.95298,0.91339,0.95334,0.84469,0.42766,0.30408,0.78698,0.0040699,0.0040699,0.0040699
601,12451.8,0.51974,0.32147,0.79784,0.95283,0.91349,0.95331,0.8446,0.4278,0.30427,0.78698,0.00406,0.00406,0.00406
602,12472.8,0.51948,0.32118,0.79782,0.95268,0.91371,0.9533,0.84439,0.42827,0.30436,0.78699,0.0040501,0.0040501,0.0040501
603,12493.3,0.51644,0.32034,0.79785,0.95256,0.914,0.95337,0.84441,0.42852,0.30451,0.78697,0.0040402,0.0040402,0.0040402
604,12514.4,0.52456,0.3223,0.79826,0.95254,0.91407,0.9533,0.8443,0.42862,0.30454,0.78699,0.0040303,0.0040303,0.0040303
605,12535.1,0.52245,0.32303,0.79835,0.95259,0.91393,0.95324,0.84413,0.42896,0.30456,0.78699,0.0040204,0.0040204,0.0040204
606,12556.1,0.51881,0.32183,0.79822,0.95266,0.91388,0.95326,0.844,0.4292,0.30486,0.78698,0.0040105,0.0040105,0.0040105
607,12576.4,0.51299,0.31899,0.79751,0.95271,0.91387,0.95324,0.84401,0.42936,0.30483,0.78697,0.0040006,0.0040006,0.0040006
608,12597.4,0.51548,0.3199,0.79817,0.95272,0.91391,0.95325,0.84389,0.42967,0.30499,0.78699,0.0039907,0.0039907,0.0039907
609,12618.6,0.51803,0.31965,0.79806,0.95273,0.91404,0.95324,0.8439,0.42999,0.3051,0.78697,0.0039808,0.0039808,0.0039808
610,12639.2,0.51751,0.32265,0.79762,0.95263,0.91403,0.95316,0.8437,0.43027,0.30518,0.78697,0.0039709,0.0039709,0.0039709
611,12660,0.51447,0.32011,0.79811,0.95259,0.9139,0.95319,0.84378,0.43059,0.30531,0.78698,0.003961,0.003961,0.003961
612,12680.9,0.52072,0.32233,0.79774,0.95247,0.914,0.95313,0.84355,0.43082,0.30535,0.78698,0.0039511,0.0039511,0.0039511
613,12701.7,0.51858,0.31946,0.79844,0.95246,0.91384,0.9532,0.84351,0.43111,0.30561,0.78698,0.0039412,0.0039412,0.0039412
614,12722.4,0.51894,0.32102,0.79889,0.95237,0.91393,0.95314,0.84336,0.43139,0.30563,0.78701,0.0039313,0.0039313,0.0039313
615,12743,0.51669,0.32061,0.79809,0.95268,0.91371,0.95311,0.84338,0.4317,0.30574,0.787,0.0039214,0.0039214,0.0039214
616,12763.3,0.52127,0.32244,0.79772,0.95272,0.91377,0.95315,0.84326,0.43213,0.30599,0.787,0.0039115,0.0039115,0.0039115
617,12783.8,0.51721,0.31916,0.79763,0.95233,0.9139,0.95309,0.84303,0.43239,0.30617,0.787,0.0039016,0.0039016,0.0039016
618,12804.5,0.51587,0.31985,0.79823,0.95186,0.91427,0.95309,0.843,0.43266,0.30646,0.78699,0.0038917,0.0038917,0.0038917
619,12825.1,0.51863,0.32116,0.79763,0.95165,0.91446,0.95313,0.8429,0.43305,0.30658,0.787,0.0038818,0.0038818,0.0038818
620,12846.1,0.51468,0.31881,0.79738,0.95153,0.9146,0.95313,0.84284,0.43338,0.30666,0.78702,0.0038719,0.0038719,0.0038719
621,12867.1,0.51564,0.32131,0.79762,0.95199,0.91422,0.95316,0.84266,0.4336,0.3068,0.78703,0.003862,0.003862,0.003862
622,12887.6,0.51393,0.31843,0.79771,0.95166,0.91457,0.95311,0.8427,0.43385,0.30691,0.78704,0.0038521,0.0038521,0.0038521
623,12908.3,0.51891,0.32123,0.79776,0.95167,0.91427,0.95309,0.84266,0.43417,0.30711,0.78703,0.0038422,0.0038422,0.0038422
624,12929.2,0.51273,0.31811,0.79771,0.95147,0.91441,0.9531,0.84257,0.43446,0.30727,0.78702,0.0038323,0.0038323,0.0038323
625,12949.6,0.50828,0.31559,0.79787,0.95193,0.91433,0.9531,0.84255,0.43483,0.30737,0.78703,0.0038224,0.0038224,0.0038224
626,12970.6,0.51421,0.31941,0.79788,0.95203,0.91428,0.95319,0.8425,0.4351,0.30759,0.78704,0.0038125,0.0038125,0.0038125
627,12990.9,0.51392,0.31742,0.79794,0.95157,0.91473,0.95313,0.84244,0.43547,0.30785,0.78704,0.0038026,0.0038026,0.0038026
628,13011.7,0.51063,0.31661,0.79761,0.95159,0.9145,0.95308,0.84234,0.43578,0.30798,0.78704,0.0037927,0.0037927,0.0037927
629,13032.1,0.51265,0.31844,0.79751,0.95221,0.91406,0.95309,0.84221,0.43608,0.30796,0.78705,0.0037828,0.0037828,0.0037828
630,13052.9,0.51346,0.32066,0.79748,0.9516,0.91479,0.95312,0.84221,0.4364,0.30819,0.78705,0.0037729,0.0037729,0.0037729
631,13073.4,0.51151,0.31859,0.79679,0.9516,0.91476,0.95308,0.84211,0.43673,0.30841,0.78704,0.003763,0.003763,0.003763
632,13094.4,0.51404,0.3172,0.79724,0.95202,0.91441,0.95311,0.84207,0.4371,0.30851,0.78704,0.0037531,0.0037531,0.0037531
633,13115.3,0.51785,0.32099,0.79831,0.9517,0.91501,0.95314,0.8419,0.43754,0.30874,0.78705,0.0037432,0.0037432,0.0037432
634,13136.1,0.51276,0.31853,0.79779,0.95197,0.91457,0.95308,0.84188,0.43793,0.30894,0.78706,0.0037333,0.0037333,0.0037333
635,13157.2,0.5163,0.31925,0.79758,0.95173,0.91479,0.95309,0.84166,0.43834,0.3092,0.78708,0.0037234,0.0037234,0.0037234
636,13178.1,0.51331,0.32018,0.79756,0.95179,0.91476,0.95312,0.84169,0.43877,0.30934,0.78711,0.0037135,0.0037135,0.0037135
637,13198.7,0.51849,0.31921,0.79734,0.95175,0.91457,0.95307,0.8415,0.43912,0.30952,0.7871,0.0037036,0.0037036,0.0037036
638,13219.2,0.51376,0.31869,0.79737,0.9514,0.91479,0.95303,0.84135,0.43954,0.30978,0.78711,0.0036937,0.0036937,0.0036937
639,13240.3,0.51117,0.31657,0.79736,0.95147,0.91485,0.95306,0.84128,0.43979,0.30991,0.78711,0.0036838,0.0036838,0.0036838
640,13261,0.51505,0.31956,0.79713,0.95141,0.91474,0.95299,0.84124,0.43996,0.30999,0.78711,0.0036739,0.0036739,0.0036739
641,13281.7,0.51071,0.31817,0.79746,0.95167,0.91431,0.95302,0.84102,0.44027,0.3101,0.78713,0.003664,0.003664,0.003664
642,13302.9,0.51691,0.31903,0.7972,0.95192,0.91412,0.95304,0.84089,0.4406,0.31027,0.78715,0.0036541,0.0036541,0.0036541
643,13323.2,0.51396,0.31823,0.79749,0.95157,0.9147,0.95306,0.84105,0.44089,0.3105,0.78714,0.0036442,0.0036442,0.0036442
644,13344.2,0.51223,0.31693,0.79681,0.95121,0.91463,0.95299,0.84056,0.44127,0.31066,0.78715,0.0036343,0.0036343,0.0036343
645,13364.3,0.51613,0.31835,0.79792,0.95219,0.9139,0.95307,0.84054,0.44167,0.31083,0.78723,0.0036244,0.0036244,0.0036244
646,13385,0.51303,0.31937,0.79695,0.9521,0.91415,0.95304,0.84041,0.4421,0.31112,0.78725,0.0036145,0.0036145,0.0036145
647,13405.8,0.51283,0.31752,0.79737,0.95209,0.91387,0.95301,0.84045,0.44231,0.31108,0.78725,0.0036046,0.0036046,0.0036046
648,13426.9,0.50942,0.31727,0.7979,0.95184,0.91387,0.95298,0.84031,0.44272,0.31119,0.78729,0.0035947,0.0035947,0.0035947
649,13447.1,0.51011,0.31775,0.79742,0.95205,0.91377,0.95302,0.84021,0.443,0.31138,0.78729,0.0035848,0.0035848,0.0035848
650,13467.6,0.50959,0.31716,0.79842,0.95193,0.9139,0.95301,0.84017,0.44337,0.3115,0.7873,0.0035749,0.0035749,0.0035749
651,13488.3,0.50935,0.31675,0.79683,0.95165,0.91409,0.95297,0.84003,0.4437,0.31168,0.78732,0.003565,0.003565,0.003565
652,13508.6,0.51032,0.31827,0.79738,0.95172,0.914,0.95296,0.84007,0.44397,0.31185,0.78732,0.0035551,0.0035551,0.0035551
653,13529.1,0.51415,0.31891,0.79792,0.95195,0.9141,0.95302,0.84005,0.44426,0.31199,0.78731,0.0035452,0.0035452,0.0035452
654,13549.7,0.50574,0.31651,0.79706,0.9519,0.91406,0.95304,0.83991,0.44472,0.31223,0.78733,0.0035353,0.0035353,0.0035353
655,13570.8,0.51683,0.31952,0.79712,0.95181,0.91401,0.95301,0.83976,0.44511,0.31232,0.78733,0.0035254,0.0035254,0.0035254
656,13591.5,0.51387,0.31884,0.79759,0.95202,0.91371,0.95299,0.83952,0.44561,0.31248,0.78734,0.0035155,0.0035155,0.0035155
657,13612.1,0.50521,0.31501,0.79745,0.95187,0.91375,0.95296,0.83933,0.44616,0.3127,0.78737,0.0035056,0.0035056,0.0035056
658,13632.7,0.5057,0.31617,0.79737,0.95201,0.91368,0.95291,0.839,0.44668,0.31308,0.78738,0.0034957,0.0034957,0.0034957
659,13653.4,0.51236,0.31616,0.79677,0.95192,0.91381,0.95293,0.83877,0.44717,0.3133,0.7874,0.0034858,0.0034858,0.0034858
660,13674.5,0.50937,0.31696,0.79791,0.95205,0.91369,0.95289,0.83868,0.44747,0.31358,0.7874,0.0034759,0.0034759,0.0034759
661,13695.3,0.50751,0.31754,0.79697,0.95192,0.91369,0.95282,0.83848,0.44808,0.31385,0.78741,0.003466,0.003466,0.003466
662,13715.8,0.50906,0.31877,0.79684,0.95204,0.91371,0.9529,0.83839,0.44848,0.31405,0.78744,0.0034561,0.0034561,0.0034561
663,13736.2,0.51132,0.31698,0.79779,0.95189,0.9136,0.95274,0.83821,0.44884,0.31417,0.78746,0.0034462,0.0034462,0.0034462
664,13757.3,0.50891,0.31548,0.79763,0.95207,0.91353,0.95279,0.83778,0.44942,0.31433,0.78745,0.0034363,0.0034363,0.0034363
665,13778.2,0.50788,0.3173,0.79754,0.95225,0.91352,0.95279,0.83773,0.44987,0.31462,0.78748,0.0034264,0.0034264,0.0034264
666,13799.2,0.5143,0.31875,0.79795,0.95141,0.91384,0.95279,0.83755,0.45031,0.31489,0.78749,0.0034165,0.0034165,0.0034165
667,13819.7,0.51017,0.31573,0.7966,0.95118,0.91396,0.9528,0.83738,0.45085,0.3151,0.78753,0.0034066,0.0034066,0.0034066
668,13840.8,0.51008,0.31453,0.79751,0.95173,0.91357,0.9527,0.83727,0.45122,0.31531,0.78753,0.0033967,0.0033967,0.0033967
669,13861.6,0.51036,0.31664,0.79731,0.95109,0.91409,0.95272,0.83719,0.45164,0.31563,0.78754,0.0033868,0.0033868,0.0033868
670,13882.2,0.50709,0.3154,0.79683,0.95099,0.91406,0.95276,0.83716,0.4521,0.31593,0.78755,0.0033769,0.0033769,0.0033769
671,13902.6,0.50846,0.31712,0.7975,0.95106,0.91391,0.9527,0.83678,0.45257,0.3161,0.78756,0.003367,0.003367,0.003367
672,13922.7,0.51296,0.31813,0.7966,0.95143,0.91381,0.95271,0.83666,0.45316,0.31638,0.78759,0.0033571,0.0033571,0.0033571
673,13943.2,0.50648,0.31496,0.79666,0.9509,0.91431,0.9527,0.8365,0.45368,0.31662,0.78761,0.0033472,0.0033472,0.0033472
674,13963.8,0.50591,0.31528,0.79626,0.95086,0.91428,0.95276,0.83625,0.45409,0.3167,0.78762,0.0033373,0.0033373,0.0033373
675,13984.3,0.50581,0.31363,0.79625,0.95108,0.91419,0.95272,0.83588,0.45456,0.31702,0.78764,0.0033274,0.0033274,0.0033274
676,14004.8,0.50357,0.31495,0.79666,0.95108,0.91419,0.95271,0.83586,0.45481,0.31722,0.78765,0.0033175,0.0033175,0.0033175
677,14025.5,0.50908,0.31431,0.79698,0.95094,0.91418,0.9527,0.83579,0.45515,0.3173,0.78766,0.0033076,0.0033076,0.0033076
678,14045.9,0.51456,0.31636,0.79736,0.95147,0.91371,0.9527,0.83558,0.45546,0.31751,0.78767,0.0032977,0.0032977,0.0032977
679,14066.7,0.5096,0.31695,0.79692,0.95137,0.91395,0.95264,0.83545,0.45582,0.31758,0.7877,0.0032878,0.0032878,0.0032878
680,14087.4,0.50692,0.3148,0.79747,0.95122,0.9139,0.95261,0.83536,0.45642,0.31787,0.78771,0.0032779,0.0032779,0.0032779
681,14108.9,0.50934,0.31494,0.79655,0.9513,0.91379,0.95258,0.83521,0.45682,0.31811,0.78771,0.003268,0.003268,0.003268
682,14129.5,0.50276,0.31279,0.79649,0.95108,0.91376,0.9525,0.835,0.4573,0.31841,0.78773,0.0032581,0.0032581,0.0032581
683,14150.5,0.50769,0.31526,0.79627,0.95111,0.9137,0.95247,0.83474,0.45774,0.31854,0.78772,0.0032482,0.0032482,0.0032482
684,14171.1,0.50572,0.31317,0.79678,0.95103,0.91374,0.9524,0.83463,0.45821,0.31884,0.78777,0.0032383,0.0032383,0.0032383
685,14191.6,0.50761,0.31434,0.79721,0.95121,0.91368,0.95253,0.83453,0.45866,0.31901,0.78777,0.0032284,0.0032284,0.0032284
686,14212.7,0.50536,0.31451,0.79671,0.9512,0.91364,0.95253,0.83424,0.45902,0.31921,0.78777,0.0032185,0.0032185,0.0032185
687,14233.2,0.50681,0.31605,0.79742,0.95129,0.91314,0.95245,0.83407,0.4595,0.31946,0.78778,0.0032086,0.0032086,0.0032086
688,14253.7,0.50476,0.31512,0.79616,0.95119,0.91348,0.95252,0.83398,0.45985,0.31958,0.78781,0.0031987,0.0031987,0.0031987
689,14274.3,0.50489,0.31498,0.79719,0.95119,0.91336,0.95253,0.83391,0.46026,0.31984,0.78782,0.0031888,0.0031888,0.0031888
690,14294.8,0.5055,0.31318,0.79688,0.95125,0.91338,0.95258,0.8338,0.46075,0.32015,0.78782,0.0031789,0.0031789,0.0031789
691,14315.2,0.50065,0.31184,0.7963,0.95125,0.91335,0.9525,0.83344,0.4613,0.3205,0.78785,0.003169,0.003169,0.003169
692,14335.8,0.50528,0.31382,0.797,0.95131,0.91338,0.95249,0.83333,0.46158,0.3207,0.78787,0.0031591,0.0031591,0.0031591
693,14356.6,0.5039,0.31447,0.7963,0.95125,0.9132,0.95247,0.83302,0.46225,0.32108,0.78788,0.0031492,0.0031492,0.0031492
694,14377.2,0.50524,0.31567,0.79678,0.95128,0.91311,0.95249,0.83295,0.46277,0.32128,0.78791,0.0031393,0.0031393,0.0031393
695,14397.9,0.50592,0.31332,0.7968,0.95134,0.91311,0.9524,0.83272,0.46332,0.32153,0.78792,0.0031294,0.0031294,0.0031294
696,14418.5,0.50347,0.31597,0.79636,0.95137,0.91304,0.95243,0.83276,0.46369,0.32181,0.78794,0.0031195,0.0031195,0.0031195
697,14439.1,0.5062,0.3154,0.79624,0.95146,0.91304,0.95244,0.83249,0.46424,0.32194,0.78798,0.0031096,0.0031096,0.0031096
698,14460.1,0.50512,0.31244,0.79643,0.95041,0.9139,0.95238,0.83222,0.46482,0.3222,0.78798,0.0030997,0.0030997,0.0030997
699,14481.1,0.50142,0.31203,0.79666,0.95056,0.91387,0.95233,0.83199,0.46532,0.32232,0.78792,0.0030898,0.0030898,0.0030898
700,14501.7,0.50932,0.31529,0.7967,0.95043,0.91384,0.95229,0.83171,0.46561,0.32263,0.788,0.0030799,0.0030799,0.0030799
701,14522.5,0.50576,0.31381,0.79617,0.951,0.9135,0.95232,0.83163,0.46601,0.32282,0.78801,0.00307,0.00307,0.00307
702,14542.9,0.50324,0.31363,0.79616,0.95078,0.91377,0.95235,0.83156,0.46642,0.32303,0.78803,0.0030601,0.0030601,0.0030601
703,14564.2,0.50084,0.31316,0.79689,0.95043,0.91381,0.95223,0.83128,0.46695,0.32325,0.78806,0.0030502,0.0030502,0.0030502
704,14584.7,0.50359,0.31282,0.79641,0.95099,0.91352,0.95225,0.83126,0.46733,0.32348,0.78809,0.0030403,0.0030403,0.0030403
705,14605.6,0.50231,0.31333,0.79624,0.95077,0.91355,0.95221,0.83113,0.46768,0.32372,0.7881,0.0030304,0.0030304,0.0030304
706,14626.4,0.50359,0.31418,0.79643,0.95083,0.9137,0.95227,0.83086,0.46822,0.3239,0.78812,0.0030205,0.0030205,0.0030205
707,14646.6,0.50413,0.31334,0.79695,0.9509,0.91377,0.95227,0.83077,0.46859,0.32412,0.78813,0.0030106,0.0030106,0.0030106
708,14667.4,0.5043,0.31387,0.7963,0.95077,0.91361,0.9521,0.83063,0.4691,0.32439,0.78814,0.0030007,0.0030007,0.0030007
709,14687.9,0.49969,0.31391,0.7962,0.95102,0.91352,0.95216,0.83031,0.46955,0.32452,0.78817,0.0029908,0.0029908,0.0029908
710,14708.8,0.50099,0.31389,0.79653,0.95095,0.91361,0.95212,0.83027,0.46986,0.32474,0.78819,0.0029809,0.0029809,0.0029809
711,14729.2,0.50584,0.31532,0.79643,0.95097,0.91349,0.95207,0.83007,0.47025,0.32506,0.78812,0.002971,0.002971,0.002971
712,14749.6,0.50518,0.31464,0.79675,0.95119,0.9133,0.95212,0.82992,0.47078,0.32532,0.78816,0.0029611,0.0029611,0.0029611
713,14770.2,0.50121,0.31261,0.79653,0.95109,0.91323,0.95199,0.82968,0.47155,0.32564,0.78828,0.0029512,0.0029512,0.0029512
714,14791.3,0.50733,0.31296,0.79618,0.9511,0.91336,0.95201,0.82944,0.472,0.32589,0.78819,0.0029413,0.0029413,0.0029413
715,14812.2,0.50426,0.3128,0.7964,0.95125,0.91323,0.95208,0.82937,0.47241,0.32614,0.78822,0.0029314,0.0029314,0.0029314
716,14833.2,0.50335,0.31157,0.79598,0.95124,0.91323,0.95192,0.82922,0.47283,0.32634,0.78832,0.0029215,0.0029215,0.0029215
717,14854,0.50284,0.31312,0.79633,0.95137,0.91311,0.95181,0.82902,0.47321,0.32656,0.78826,0.0029116,0.0029116,0.0029116
718,14874.9,0.50291,0.31201,0.79671,0.95099,0.91317,0.95171,0.82902,0.47382,0.32676,0.7883,0.0029017,0.0029017,0.0029017
719,14895.4,0.505,0.31375,0.79617,0.95103,0.9133,0.95188,0.82889,0.47421,0.32715,0.78831,0.0028918,0.0028918,0.0028918
720,14916,0.50057,0.3128,0.79585,0.95108,0.91308,0.95175,0.82865,0.47453,0.32715,0.78833,0.0028819,0.0028819,0.0028819
721,14936.4,0.50118,0.31256,0.79583,0.95102,0.91327,0.95182,0.82865,0.47501,0.32744,0.78835,0.002872,0.002872,0.002872
722,14957.4,0.50115,0.31288,0.79608,0.95056,0.91361,0.95182,0.82832,0.4754,0.32762,0.78836,0.0028621,0.0028621,0.0028621
723,14977.8,0.50237,0.31397,0.79651,0.95047,0.91371,0.95186,0.82832,0.47562,0.32778,0.78838,0.0028522,0.0028522,0.0028522
724,14998.9,0.5044,0.3132,0.79602,0.95032,0.91367,0.9518,0.82812,0.47613,0.32791,0.7884,0.0028423,0.0028423,0.0028423
725,15019.3,0.49871,0.31178,0.79594,0.95029,0.91361,0.95179,0.82806,0.47647,0.32821,0.78842,0.0028324,0.0028324,0.0028324
726,15039.8,0.49886,0.30924,0.79625,0.9503,0.91371,0.95184,0.8279,0.47673,0.32838,0.78842,0.0028225,0.0028225,0.0028225
727,15060.3,0.49606,0.31118,0.79563,0.95038,0.91358,0.95182,0.82777,0.47729,0.32871,0.78846,0.0028126,0.0028126,0.0028126
728,15081.2,0.49898,0.31173,0.79651,0.95026,0.91361,0.95177,0.82748,0.47794,0.32898,0.78849,0.0028027,0.0028027,0.0028027
729,15101.8,0.50066,0.31281,0.79613,0.9502,0.91361,0.95179,0.82742,0.47841,0.32921,0.78851,0.0027928,0.0027928,0.0027928
730,15123,0.49808,0.31142,0.79589,0.94974,0.914,0.95171,0.82686,0.47897,0.32947,0.78853,0.0027829,0.0027829,0.0027829
731,15143.3,0.49828,0.31352,0.79625,0.94979,0.91396,0.95172,0.82677,0.47949,0.32971,0.78857,0.002773,0.002773,0.002773
732,15164.2,0.50082,0.31464,0.79595,0.9498,0.91415,0.95177,0.82659,0.48005,0.32996,0.78859,0.0027631,0.0027631,0.0027631
733,15184.4,0.49835,0.31177,0.79601,0.94971,0.91398,0.95171,0.82643,0.48076,0.33019,0.7886,0.0027532,0.0027532,0.0027532
734,15205.4,0.5003,0.3127,0.79641,0.94978,0.91404,0.95174,0.8262,0.48133,0.3304,0.78865,0.0027433,0.0027433,0.0027433
735,15225.5,0.49538,0.31045,0.79551,0.94957,0.91396,0.95173,0.82605,0.48188,0.33067,0.78867,0.0027334,0.0027334,0.0027334
736,15246.2,0.50251,0.31247,0.79656,0.9496,0.914,0.9518,0.82591,0.48259,0.3311,0.78871,0.0027235,0.0027235,0.0027235
737,15267.4,0.49902,0.3104,0.79618,0.94943,0.91402,0.9517,0.82563,0.48318,0.33139,0.78875,0.0027136,0.0027136,0.0027136
738,15288.2,0.49982,0.30986,0.79538,0.94943,0.91393,0.95167,0.82549,0.48376,0.33158,0.78879,0.0027037,0.0027037,0.0027037
739,15308.7,0.49723,0.30946,0.79587,0.9494,0.91396,0.95175,0.82547,0.48431,0.33191,0.78882,0.0026938,0.0026938,0.0026938
740,15329.8,0.49814,0.30938,0.79561,0.94945,0.9137,0.9516,0.8253,0.48452,0.33211,0.78886,0.0026839,0.0026839,0.0026839
741,15350.8,0.5014,0.31151,0.7965,0.94946,0.91338,0.95161,0.8251,0.48527,0.33235,0.78889,0.002674,0.002674,0.002674
742,15371.5,0.49397,0.31194,0.7963,0.94922,0.91368,0.95165,0.82485,0.48595,0.33274,0.78891,0.0026641,0.0026641,0.0026641
743,15391.9,0.50004,0.31047,0.79582,0.94937,0.91336,0.9518,0.82467,0.48659,0.33311,0.78899,0.0026542,0.0026542,0.0026542
744,15413.1,0.49722,0.30997,0.7959,0.94939,0.91332,0.95164,0.82435,0.48714,0.33338,0.78902,0.0026443,0.0026443,0.0026443
745,15433.9,0.49911,0.31265,0.79532,0.94908,0.91339,0.95158,0.82426,0.48745,0.33365,0.78904,0.0026344,0.0026344,0.0026344
746,15454.5,0.49669,0.31004,0.79605,0.94905,0.91336,0.95157,0.82412,0.48802,0.33388,0.78907,0.0026245,0.0026245,0.0026245
747,15475.5,0.50109,0.3104,0.79541,0.94902,0.91339,0.95139,0.82384,0.48877,0.33416,0.78914,0.0026146,0.0026146,0.0026146
748,15496.2,0.49581,0.31,0.79582,0.94917,0.91314,0.95134,0.82345,0.4894,0.33449,0.78916,0.0026047,0.0026047,0.0026047
749,15517.1,0.49963,0.31078,0.79581,0.94912,0.91301,0.9513,0.82302,0.49016,0.33484,0.7892,0.0025948,0.0025948,0.0025948
750,15537.8,0.49663,0.31016,0.79571,0.94869,0.91302,0.95125,0.82286,0.49108,0.33515,0.78928,0.0025849,0.0025849,0.0025849
751,15558.6,0.50399,0.31191,0.79625,0.94871,0.91292,0.9511,0.82263,0.49184,0.33536,0.78934,0.002575,0.002575,0.002575
752,15579.5,0.49643,0.30974,0.79604,0.94885,0.91302,0.95124,0.82232,0.49244,0.33572,0.78937,0.0025651,0.0025651,0.0025651
753,15600,0.49263,0.31176,0.79572,0.94866,0.91308,0.95108,0.82224,0.49281,0.33578,0.7894,0.0025552,0.0025552,0.0025552
754,15620.9,0.4992,0.31041,0.7962,0.94883,0.91285,0.95114,0.82228,0.49329,0.33598,0.78943,0.0025453,0.0025453,0.0025453
755,15642,0.49596,0.31019,0.79563,0.94843,0.91304,0.95108,0.8218,0.4942,0.3363,0.78946,0.0025354,0.0025354,0.0025354
756,15662.5,0.49748,0.31106,0.79561,0.94781,0.91346,0.95108,0.82155,0.49484,0.33663,0.78952,0.0025255,0.0025255,0.0025255
757,15683.3,0.49774,0.30997,0.79553,0.94813,0.913,0.95107,0.82143,0.49544,0.33685,0.78955,0.0025156,0.0025156,0.0025156
758,15703.9,0.49734,0.30939,0.796,0.94778,0.91355,0.95127,0.82131,0.49614,0.33731,0.78959,0.0025057,0.0025057,0.0025057
759,15724.7,0.50078,0.30997,0.79589,0.94783,0.91336,0.95132,0.82106,0.49707,0.33772,0.78966,0.0024958,0.0024958,0.0024958
760,15745.9,0.50216,0.31075,0.79553,0.9477,0.91342,0.9513,0.82045,0.49804,0.3382,0.78972,0.0024859,0.0024859,0.0024859
761,15767.6,0.49284,0.30955,0.79609,0.94794,0.91327,0.95115,0.82029,0.49859,0.33838,0.78976,0.002476,0.002476,0.002476
762,15788.2,0.48939,0.30784,0.79564,0.94779,0.91318,0.95125,0.82022,0.49925,0.33869,0.78982,0.0024661,0.0024661,0.0024661
763,15808.3,0.49735,0.30969,0.79594,0.94748,0.91317,0.95112,0.81962,0.5,0.33904,0.78988,0.0024562,0.0024562,0.0024562
764,15829.5,0.49877,0.30979,0.79628,0.94742,0.91308,0.95087,0.81947,0.50051,0.3394,0.78991,0.0024463,0.0024463,0.0024463
765,15850.8,0.49622,0.31001,0.79565,0.94757,0.91304,0.95098,0.81918,0.50113,0.3396,0.78995,0.0024364,0.0024364,0.0024364
766,15871.3,0.49242,0.30711,0.79481,0.94693,0.91334,0.951,0.81911,0.50181,0.33984,0.78999,0.0024265,0.0024265,0.0024265
767,15892.2,0.49115,0.31061,0.79572,0.94692,0.91355,0.95112,0.81886,0.50256,0.34032,0.79005,0.0024166,0.0024166,0.0024166
768,15912.8,0.49689,0.30865,0.79559,0.9466,0.91346,0.95108,0.81856,0.50335,0.34067,0.79008,0.0024067,0.0024067,0.0024067
769,15933.1,0.49202,0.30837,0.79508,0.94613,0.91355,0.95084,0.81827,0.50401,0.34097,0.79012,0.0023968,0.0023968,0.0023968
770,15954,0.49724,0.31077,0.79551,0.94618,0.91329,0.95082,0.81807,0.50472,0.34131,0.79016,0.0023869,0.0023869,0.0023869
771,15975.2,0.49585,0.3082,0.79572,0.94589,0.91365,0.95091,0.81779,0.5053,0.34159,0.7902,0.002377,0.002377,0.002377
772,15995.9,0.49555,0.30799,0.79594,0.94589,0.91365,0.95082,0.81767,0.50584,0.34177,0.79022,0.0023671,0.0023671,0.0023671
773,16016.6,0.49889,0.31093,0.7961,0.9461,0.91349,0.95077,0.81745,0.50627,0.34195,0.79025,0.0023572,0.0023572,0.0023572
774,16037,0.49764,0.30971,0.79558,0.94585,0.91352,0.95058,0.8174,0.50689,0.34226,0.79028,0.0023473,0.0023473,0.0023473
775,16057.5,0.49583,0.30906,0.79538,0.94595,0.91362,0.95096,0.81698,0.50768,0.34264,0.79031,0.0023374,0.0023374,0.0023374
776,16078.6,0.49551,0.30814,0.79512,0.94539,0.91406,0.95121,0.817,0.50816,0.34278,0.79036,0.0023275,0.0023275,0.0023275
777,16099,0.49469,0.30734,0.79575,0.94536,0.91366,0.95117,0.81676,0.50888,0.34316,0.79039,0.0023176,0.0023176,0.0023176
778,16119.4,0.49256,0.30657,0.79489,0.94535,0.91374,0.95127,0.81669,0.50961,0.3434,0.79043,0.0023077,0.0023077,0.0023077
779,16139.9,0.49338,0.30715,0.79521,0.94563,0.91368,0.95127,0.81641,0.51045,0.34365,0.79045,0.0022978,0.0022978,0.0022978
780,16161.3,0.49297,0.30898,0.79554,0.94594,0.91352,0.95121,0.81635,0.5105,0.34374,0.79047,0.0022879,0.0022879,0.0022879
781,16182,0.49585,0.30746,0.79547,0.94573,0.91369,0.95125,0.81598,0.51148,0.34413,0.79055,0.002278,0.002278,0.002278
782,16202.9,0.48835,0.30526,0.79494,0.94602,0.91308,0.95094,0.81588,0.51189,0.34411,0.79058,0.0022681,0.0022681,0.0022681
783,16223.4,0.49359,0.30811,0.7949,0.94614,0.91298,0.95065,0.81573,0.51246,0.34451,0.79061,0.0022582,0.0022582,0.0022582
784,16244.2,0.49305,0.30898,0.7958,0.94613,0.91288,0.95085,0.81544,0.51308,0.34473,0.79063,0.0022483,0.0022483,0.0022483
785,16264.6,0.49373,0.30866,0.79529,0.9463,0.91265,0.95074,0.81526,0.51354,0.34505,0.79068,0.0022384,0.0022384,0.0022384
786,16285.4,0.49325,0.3084,0.79512,0.94621,0.91241,0.95069,0.81494,0.51462,0.34575,0.79073,0.0022285,0.0022285,0.0022285
787,16305.8,0.49756,0.30805,0.79534,0.94591,0.9124,0.9502,0.81447,0.51552,0.34603,0.79076,0.0022186,0.0022186,0.0022186
788,16325.6,0.4905,0.30867,0.79524,0.94609,0.91222,0.95019,0.81415,0.51621,0.34631,0.7909,0.0022087,0.0022087,0.0022087
789,16346.1,0.48848,0.3062,0.79462,0.94575,0.91231,0.95016,0.81416,0.51667,0.3467,0.79092,0.0021988,0.0021988,0.0021988
790,16367.1,0.49286,0.30728,0.79514,0.94581,0.91222,0.95014,0.81386,0.5172,0.34706,0.79096,0.0021889,0.0021889,0.0021889
791,16387.3,0.49155,0.30719,0.79526,0.94596,0.91214,0.95015,0.8136,0.51795,0.34733,0.79102,0.002179,0.002179,0.002179
792,16407.8,0.48918,0.30858,0.79515,0.94522,0.91238,0.95007,0.81336,0.51867,0.34763,0.79106,0.0021691,0.0021691,0.0021691
793,16428.8,0.49249,0.30725,0.79571,0.9451,0.91244,0.95008,0.81319,0.51862,0.34786,0.79107,0.0021592,0.0021592,0.0021592
794,16449.3,0.49165,0.30949,0.79543,0.94507,0.91244,0.94999,0.8129,0.51944,0.34821,0.79113,0.0021493,0.0021493,0.0021493
795,16470,0.49035,0.30591,0.79506,0.94484,0.91238,0.94998,0.81262,0.52002,0.34856,0.79118,0.0021394,0.0021394,0.0021394
796,16491,0.49435,0.30875,0.79608,0.94474,0.91241,0.94992,0.81241,0.52049,0.34899,0.7912,0.0021295,0.0021295,0.0021295
797,16511.7,0.48999,0.30796,0.7954,0.94449,0.91244,0.94992,0.81208,0.52136,0.34942,0.79125,0.0021196,0.0021196,0.0021196
798,16531.9,0.48837,0.30823,0.79525,0.94441,0.91225,0.94978,0.81183,0.52169,0.3495,0.79129,0.0021097,0.0021097,0.0021097
799,16553.2,0.49108,0.30791,0.79476,0.9444,0.91253,0.94983,0.8117,0.52213,0.34986,0.79134,0.0020998,0.0020998,0.0020998
800,16573.7,0.49123,0.30815,0.79529,0.94444,0.91221,0.94979,0.81144,0.52289,0.35012,0.79137,0.0020899,0.0020899,0.0020899
801,16594.1,0.49059,0.30639,0.79501,0.94399,0.91248,0.94971,0.81119,0.52347,0.35057,0.79143,0.00208,0.00208,0.00208
802,16615,0.48987,0.30645,0.79505,0.94344,0.91247,0.94963,0.81073,0.52431,0.35112,0.79146,0.0020701,0.0020701,0.0020701
803,16635.9,0.49233,0.30713,0.79524,0.94345,0.91221,0.94963,0.81006,0.5254,0.35156,0.79155,0.0020602,0.0020602,0.0020602
804,16656.5,0.49065,0.30795,0.79472,0.94343,0.91195,0.94959,0.80985,0.5261,0.35208,0.79159,0.0020503,0.0020503,0.0020503
805,16677.3,0.48614,0.30438,0.79546,0.9433,0.9118,0.94947,0.80934,0.52728,0.35256,0.7917,0.0020404,0.0020404,0.0020404
806,16697.9,0.49185,0.30956,0.79533,0.94304,0.91149,0.94942,0.80912,0.52792,0.35308,0.79172,0.0020305,0.0020305,0.0020305
807,16719,0.48924,0.30565,0.79427,0.94299,0.9112,0.94934,0.80893,0.52874,0.35355,0.79179,0.0020206,0.0020206,0.0020206
808,16739.1,0.48827,0.30571,0.79515,0.94262,0.91127,0.94931,0.80856,0.52981,0.35424,0.79184,0.0020107,0.0020107,0.0020107
809,16759.5,0.48751,0.30632,0.79502,0.94267,0.91105,0.94926,0.80828,0.52988,0.35428,0.79186,0.0020008,0.0020008,0.0020008
810,16781.1,0.49182,0.30632,0.7958,0.94271,0.91082,0.94919,0.80805,0.53076,0.35466,0.79194,0.0019909,0.0019909,0.0019909
811,16801.8,0.49158,0.30648,0.79494,0.94261,0.91066,0.94922,0.80786,0.53165,0.35506,0.79199,0.001981,0.001981,0.001981
812,16823.1,0.4873,0.30612,0.79478,0.94212,0.91077,0.94913,0.80756,0.53216,0.35557,0.79206,0.0019711,0.0019711,0.0019711
813,16843.6,0.49154,0.30626,0.79595,0.94232,0.91036,0.94905,0.80711,0.53306,0.35586,0.79212,0.0019612,0.0019612,0.0019612
814,16864.2,0.48689,0.30603,0.79526,0.9423,0.91025,0.94905,0.80705,0.53325,0.35598,0.79216,0.0019513,0.0019513,0.0019513
815,16884.9,0.49038,0.30551,0.79513,0.9421,0.91019,0.94901,0.80679,0.53402,0.35645,0.79219,0.0019414,0.0019414,0.0019414
816,16906.2,0.49042,0.30617,0.7947,0.94219,0.90982,0.94895,0.80639,0.53497,0.35673,0.79223,0.0019315,0.0019315,0.0019315
817,16927.2,0.48886,0.30755,0.79534,0.94205,0.90963,0.94896,0.80632,0.53516,0.35675,0.79227,0.0019216,0.0019216,0.0019216
818,16948,0.49352,0.30776,0.79496,0.94226,0.9095,0.949,0.80595,0.53628,0.3576,0.79234,0.0019117,0.0019117,0.0019117
819,16968.3,0.48763,0.30532,0.79452,0.94234,0.90933,0.94894,0.80542,0.53724,0.35806,0.79239,0.0019018,0.0019018,0.0019018
820,16989,0.49188,0.30486,0.79488,0.94224,0.9093,0.94891,0.80528,0.53767,0.35842,0.79242,0.0018919,0.0018919,0.0018919
821,17009.6,0.49003,0.30732,0.79531,0.94206,0.90918,0.9489,0.8049,0.53851,0.35877,0.79247,0.001882,0.001882,0.001882
822,17030.3,0.48897,0.30435,0.79514,0.94221,0.90915,0.94891,0.80465,0.53915,0.35929,0.79254,0.0018721,0.0018721,0.0018721
823,17051.4,0.48713,0.30608,0.79482,0.94196,0.90912,0.94878,0.80441,0.53985,0.35961,0.7926,0.0018622,0.0018622,0.0018622
824,17072.1,0.48997,0.30589,0.79463,0.94181,0.9091,0.94875,0.80416,0.54041,0.35996,0.79263,0.0018523,0.0018523,0.0018523
825,17093,0.48183,0.30297,0.79437,0.94183,0.90893,0.94874,0.80405,0.54083,0.36018,0.79269,0.0018424,0.0018424,0.0018424
826,17113.5,0.48687,0.3041,0.79471,0.94171,0.90892,0.94867,0.80356,0.54167,0.36066,0.79273,0.0018325,0.0018325,0.0018325
827,17135.2,0.48677,0.30307,0.79461,0.94168,0.90882,0.94861,0.8032,0.54233,0.36089,0.79279,0.0018226,0.0018226,0.0018226
828,17155.4,0.49048,0.30528,0.79546,0.94181,0.90865,0.94858,0.80311,0.54263,0.36101,0.79281,0.0018127,0.0018127,0.0018127
829,17175.8,0.48389,0.30393,0.79473,0.94197,0.90844,0.94857,0.80271,0.54367,0.36162,0.79288,0.0018028,0.0018028,0.0018028
830,17196.6,0.48546,0.30402,0.79433,0.94183,0.90845,0.94853,0.80258,0.54403,0.36188,0.79292,0.0017929,0.0017929,0.0017929
831,17217.7,0.48663,0.30528,0.7954,0.94147,0.90868,0.94849,0.80214,0.5453,0.36235,0.79302,0.001783,0.001783,0.001783
832,17238.1,0.48188,0.30125,0.79495,0.94073,0.90879,0.94838,0.80165,0.54634,0.36288,0.7931,0.0017731,0.0017731,0.0017731
833,17258.3,0.49042,0.30656,0.79506,0.94162,0.90825,0.94838,0.80156,0.5465,0.363,0.79312,0.0017632,0.0017632,0.0017632
834,17279.1,0.48889,0.30515,0.79456,0.94091,0.90861,0.94833,0.80139,0.54708,0.36352,0.79316,0.0017533,0.0017533,0.0017533
835,17299.5,0.48405,0.30482,0.79493,0.94087,0.90852,0.9483,0.80084,0.54825,0.36416,0.79322,0.0017434,0.0017434,0.0017434
836,17320.7,0.48843,0.30654,0.79521,0.94107,0.90826,0.94822,0.80055,0.54885,0.36434,0.79328,0.0017335,0.0017335,0.0017335
837,17341.7,0.4851,0.30399,0.79515,0.94032,0.90866,0.94823,0.80002,0.55013,0.36504,0.79337,0.0017236,0.0017236,0.0017236
838,17362.8,0.4871,0.30587,0.795,0.94002,0.90865,0.94819,0.79968,0.55087,0.36539,0.79344,0.0017137,0.0017137,0.0017137
839,17383.5,0.48596,0.30265,0.79382,0.94041,0.90854,0.94813,0.79941,0.55147,0.36575,0.79347,0.0017038,0.0017038,0.0017038
840,17404.5,0.4856,0.30431,0.79504,0.94,0.90863,0.94809,0.79894,0.55284,0.36631,0.79356,0.0016939,0.0016939,0.0016939
841,17425,0.48675,0.30321,0.79417,0.93972,0.9086,0.94803,0.79864,0.55343,0.36666,0.79363,0.001684,0.001684,0.001684
842,17445.7,0.48329,0.30471,0.795,0.93975,0.90866,0.94799,0.79791,0.55463,0.36701,0.79372,0.0016741,0.0016741,0.0016741
843,17467.1,0.48565,0.30456,0.79478,0.93928,0.90882,0.94801,0.79787,0.55588,0.36787,0.7938,0.0016642,0.0016642,0.0016642
844,17487.6,0.48659,0.30559,0.79492,0.93898,0.90892,0.94798,0.79788,0.55589,0.36799,0.79382,0.0016543,0.0016543,0.0016543
845,17507.8,0.48292,0.30248,0.7945,0.93901,0.9088,0.94804,0.7975,0.55697,0.36836,0.79388,0.0016444,0.0016444,0.0016444
846,17528.2,0.48643,0.30499,0.79383,0.93898,0.90877,0.94806,0.79734,0.55746,0.36875,0.79394,0.0016345,0.0016345,0.0016345
847,17548.7,0.48443,0.30255,0.79399,0.93877,0.90876,0.94791,0.79688,0.55857,0.3692,0.79403,0.0016246,0.0016246,0.0016246
848,17569.5,0.48347,0.30206,0.79434,0.93861,0.90876,0.94789,0.79635,0.55976,0.3698,0.79414,0.0016147,0.0016147,0.0016147
849,17590.5,0.48363,0.30387,0.79418,0.93872,0.90856,0.94782,0.79597,0.56026,0.37006,0.79418,0.0016048,0.0016048,0.0016048
850,17611,0.48238,0.30349,0.79493,0.93864,0.90837,0.94779,0.79574,0.56134,0.37056,0.79426,0.0015949,0.0015949,0.0015949
851,17631.4,0.48461,0.3035,0.7945,0.93829,0.9087,0.94776,0.7955,0.56229,0.37103,0.79434,0.001585,0.001585,0.001585
852,17652.5,0.4867,0.30458,0.79461,0.93838,0.90854,0.94776,0.7953,0.56274,0.3712,0.79438,0.0015751,0.0015751,0.0015751
853,17673.6,0.48396,0.30343,0.7948,0.93804,0.90855,0.94766,0.79499,0.56368,0.37173,0.79446,0.0015652,0.0015652,0.0015652
854,17694.2,0.48665,0.30215,0.79496,0.93792,0.90865,0.94761,0.79508,0.56323,0.37176,0.79446,0.0015553,0.0015553,0.0015553
855,17714.6,0.48382,0.30583,0.79452,0.93791,0.9084,0.94756,0.79462,0.56433,0.37227,0.79454,0.0015454,0.0015454,0.0015454
856,17735.9,0.48564,0.30324,0.79414,0.93811,0.90823,0.94747,0.79429,0.56536,0.37281,0.79463,0.0015355,0.0015355,0.0015355
857,17756.6,0.48338,0.3022,0.79418,0.93806,0.90806,0.94743,0.79412,0.56577,0.37312,0.79467,0.0015256,0.0015256,0.0015256
858,17777.2,0.48334,0.30384,0.79497,0.938,0.90828,0.94744,0.7937,0.56698,0.37359,0.79476,0.0015157,0.0015157,0.0015157
859,17798.5,0.48141,0.30209,0.79482,0.93812,0.90787,0.94732,0.79341,0.56767,0.3739,0.79484,0.0015058,0.0015058,0.0015058
860,17819.5,0.48384,0.30208,0.79421,0.93787,0.90825,0.94731,0.79321,0.5682,0.37418,0.79486,0.0014959,0.0014959,0.0014959
861,17839.9,0.48366,0.30218,0.79438,0.93786,0.90812,0.94725,0.79294,0.56917,0.37488,0.79493,0.001486,0.001486,0.001486
862,17860,0.47827,0.29946,0.79406,0.93758,0.90805,0.94716,0.79276,0.56948,0.37504,0.79497,0.0014761,0.0014761,0.0014761
863,17880.6,0.48325,0.30298,0.79454,0.93753,0.90773,0.94706,0.79227,0.57065,0.37558,0.79507,0.0014662,0.0014662,0.0014662
864,17901.8,0.48504,0.30329,0.79472,0.93749,0.90763,0.94701,0.79188,0.57169,0.3761,0.79518,0.0014563,0.0014563,0.0014563
865,17922.2,0.47992,0.30206,0.79416,0.93798,0.90711,0.947,0.79177,0.5721,0.37638,0.79522,0.0014464,0.0014464,0.0014464
866,17943,0.48197,0.30279,0.79408,0.93761,0.90673,0.94696,0.79138,0.57332,0.37696,0.79536,0.0014365,0.0014365,0.0014365
867,17963.6,0.47895,0.30116,0.79478,0.93723,0.90695,0.94694,0.7908,0.57455,0.37757,0.79546,0.0014266,0.0014266,0.0014266
868,17984.1,0.48114,0.29959,0.79418,0.9368,0.90724,0.94689,0.79077,0.57499,0.37773,0.79552,0.0014167,0.0014167,0.0014167
869,18004.6,0.48121,0.3027,0.79438,0.93684,0.90641,0.94671,0.79009,0.57651,0.3784,0.7957,0.0014068,0.0014068,0.0014068
870,18025.4,0.48117,0.30186,0.79511,0.93681,0.90638,0.9467,0.78984,0.57702,0.37887,0.79575,0.0013969,0.0013969,0.0013969
871,18046.1,0.48124,0.30149,0.79417,0.93656,0.90654,0.94665,0.78936,0.57809,0.37937,0.79585,0.001387,0.001387,0.001387
872,18066.7,0.48049,0.30306,0.79466,0.93592,0.90676,0.94654,0.78911,0.57934,0.37987,0.79596,0.0013771,0.0013771,0.0013771
873,18087.5,0.48044,0.30196,0.79421,0.93556,0.90669,0.94641,0.78886,0.58028,0.38038,0.79609,0.0013672,0.0013672,0.0013672
874,18108,0.47826,0.3004,0.79402,0.93532,0.90683,0.9464,0.78837,0.5815,0.38112,0.79623,0.0013573,0.0013573,0.0013573
875,18129.1,0.47941,0.30146,0.79447,0.93494,0.90676,0.9463,0.78806,0.58241,0.38146,0.79632,0.0013474,0.0013474,0.0013474
876,18150.1,0.48463,0.30488,0.79441,0.93525,0.90674,0.94637,0.7881,0.58258,0.38175,0.79635,0.0013375,0.0013375,0.0013375
877,18170.9,0.476,0.2991,0.79377,0.93519,0.90638,0.94622,0.78758,0.58393,0.38264,0.7965,0.0013276,0.0013276,0.0013276
878,18191.4,0.47997,0.3011,0.7939,0.93526,0.90639,0.94626,0.78749,0.58396,0.38263,0.79653,0.0013177,0.0013177,0.0013177
879,18212.3,0.48291,0.30093,0.79354,0.93498,0.90627,0.94613,0.78702,0.5852,0.38315,0.79666,0.0013078,0.0013078,0.0013078
880,18233.1,0.47867,0.29979,0.79408,0.93426,0.90692,0.94608,0.7867,0.58583,0.38362,0.79674,0.0012979,0.0012979,0.0012979
881,18253.9,0.48252,0.30142,0.79391,0.93477,0.90638,0.9461,0.78676,0.58564,0.38344,0.79673,0.001288,0.001288,0.001288
882,18274.1,0.48285,0.30247,0.79387,0.93458,0.90657,0.94609,0.78637,0.58693,0.38408,0.79688,0.0012781,0.0012781,0.0012781
883,18294.8,0.47883,0.29963,0.79393,0.93472,0.90546,0.94587,0.786,0.58818,0.38487,0.79701,0.0012682,0.0012682,0.0012682
884,18315.5,0.48239,0.30075,0.79466,0.93423,0.90608,0.9459,0.78585,0.58875,0.38518,0.79708,0.0012583,0.0012583,0.0012583
885,18336.7,0.47529,0.30034,0.79377,0.9342,0.90584,0.94578,0.78525,0.59078,0.38614,0.79728,0.0012484,0.0012484,0.0012484
886,18357.3,0.48151,0.30089,0.79435,0.93388,0.90562,0.94571,0.78496,0.59154,0.38661,0.79741,0.0012385,0.0012385,0.0012385
887,18378.5,0.48139,0.30099,0.79492,0.93323,0.90578,0.9457,0.7844,0.59317,0.38732,0.79759,0.0012286,0.0012286,0.0012286
888,18399.2,0.48345,0.3025,0.79399,0.9327,0.90563,0.94546,0.78367,0.5947,0.38788,0.79775,0.0012187,0.0012187,0.0012187
889,18420.6,0.47907,0.30019,0.79479,0.9331,0.90501,0.94533,0.78335,0.59575,0.3886,0.79792,0.0012088,0.0012088,0.0012088
890,18440.9,0.47548,0.29765,0.79356,0.93238,0.90508,0.94526,0.7828,0.59704,0.38936,0.79806,0.0011989,0.0011989,0.0011989
891,18461.8,0.47913,0.30158,0.79419,0.9323,0.90479,0.9452,0.78215,0.59832,0.39021,0.79817,0.001189,0.001189,0.001189
892,18482,0.47404,0.29968,0.7939,0.93229,0.90463,0.94516,0.78203,0.59895,0.39072,0.79828,0.0011791,0.0011791,0.0011791
893,18502.6,0.47755,0.29989,0.79388,0.93264,0.90406,0.94501,0.78156,0.60038,0.39134,0.79842,0.0011692,0.0011692,0.0011692
894,18523.8,0.47862,0.30008,0.79425,0.9328,0.90356,0.9449,0.78123,0.60148,0.39193,0.79858,0.0011593,0.0011593,0.0011593
895,18544.1,0.47491,0.2983,0.7936,0.93222,0.90387,0.94487,0.7807,0.60292,0.39271,0.79876,0.0011494,0.0011494,0.0011494
896,18564.7,0.47889,0.30173,0.79438,0.93166,0.90416,0.94482,0.78045,0.60417,0.39341,0.7989,0.0011395,0.0011395,0.0011395
897,18585.2,0.47763,0.29868,0.79372,0.9314,0.90425,0.94482,0.78044,0.60461,0.3935,0.79895,0.0011296,0.0011296,0.0011296
898,18606.1,0.48065,0.30205,0.79403,0.93112,0.90422,0.94468,0.77989,0.6061,0.39411,0.7991,0.0011197,0.0011197,0.0011197
899,18626.6,0.47429,0.30001,0.79402,0.93108,0.90397,0.94455,0.77962,0.60691,0.39475,0.7992,0.0011098,0.0011098,0.0011098
900,18647.6,0.48325,0.30183,0.79394,0.93044,0.90428,0.94457,0.77968,0.60697,0.39474,0.79922,0.0010999,0.0010999,0.0010999
901,18668.6,0.47732,0.29914,0.79366,0.92989,0.90441,0.94449,0.77917,0.60847,0.39537,0.7994,0.00109,0.00109,0.00109
902,18689.6,0.47715,0.30062,0.79438,0.9299,0.90422,0.94443,0.77896,0.609,0.39582,0.79946,0.0010801,0.0010801,0.0010801
903,18710.3,0.47605,0.29967,0.79374,0.93018,0.90355,0.9443,0.7786,0.6102,0.39623,0.7996,0.0010702,0.0010702,0.0010702
904,18731.4,0.47447,0.29922,0.79407,0.9296,0.90368,0.94427,0.7781,0.61133,0.39696,0.79973,0.0010603,0.0010603,0.0010603
905,18752,0.47377,0.29851,0.79337,0.9294,0.90397,0.94421,0.77786,0.61162,0.39721,0.79976,0.0010504,0.0010504,0.0010504
906,18772.3,0.4696,0.29853,0.794,0.92895,0.90406,0.94412,0.77761,0.61252,0.39766,0.79986,0.0010405,0.0010405,0.0010405
907,18793,0.47912,0.301,0.79335,0.92882,0.9039,0.94394,0.77703,0.61409,0.39834,0.80003,0.0010306,0.0010306,0.0010306
908,18813.5,0.477,0.29976,0.79358,0.92843,0.90416,0.94387,0.77674,0.61491,0.39893,0.80015,0.0010207,0.0010207,0.0010207
909,18834.1,0.47845,0.29773,0.79427,0.92823,0.90406,0.94366,0.77637,0.6161,0.3995,0.80029,0.0010108,0.0010108,0.0010108
910,18854.5,0.47692,0.29905,0.79409,0.92803,0.90396,0.94366,0.77612,0.61671,0.39987,0.80035,0.0010009,0.0010009,0.0010009
911,18874.9,0.47557,0.29833,0.79345,0.92771,0.90416,0.94359,0.77584,0.61733,0.4003,0.80042,0.000991,0.000991,0.000991
912,18895.9,0.47647,0.29958,0.79385,0.92764,0.90407,0.94362,0.77557,0.61811,0.40075,0.80053,0.0009811,0.0009811,0.0009811
913,18916.6,0.47481,0.29825,0.79369,0.92769,0.90424,0.94364,0.77566,0.61834,0.40081,0.80056,0.0009712,0.0009712,0.0009712
914,18937.6,0.47556,0.29872,0.79416,0.92748,0.90428,0.94359,0.77528,0.61939,0.4013,0.80068,0.0009613,0.0009613,0.0009613
915,18958.2,0.47832,0.29932,0.79434,0.92715,0.90444,0.94361,0.77505,0.62031,0.40192,0.8008,0.0009514,0.0009514,0.0009514
916,18979.1,0.4759,0.29804,0.7934,0.9276,0.90389,0.9435,0.77472,0.62076,0.40229,0.80088,0.0009415,0.0009415,0.0009415
917,18999.4,0.4763,0.29866,0.79405,0.92764,0.90381,0.94343,0.77436,0.62209,0.40278,0.80107,0.0009316,0.0009316,0.0009316
918,19019.7,0.47216,0.29801,0.79315,0.92766,0.90371,0.94333,0.77403,0.62312,0.40344,0.80121,0.0009217,0.0009217,0.0009217
919,19040.7,0.47402,0.29795,0.79359,0.92617,0.90416,0.94314,0.77324,0.62486,0.40442,0.80142,0.0009118,0.0009118,0.0009118
920,19061.4,0.47223,0.29798,0.79351,0.92695,0.9033,0.94306,0.77278,0.62614,0.4049,0.80157,0.0009019,0.0009019,0.0009019
921,19081.6,0.47489,0.29785,0.79396,0.92649,0.90318,0.94296,0.77244,0.62681,0.40536,0.80168,0.000892,0.000892,0.000892
922,19102.5,0.47404,0.29819,0.79343,0.92648,0.90311,0.94291,0.77215,0.62777,0.40589,0.80182,0.0008821,0.0008821,0.0008821
923,19123.5,0.47612,0.29943,0.79394,0.92644,0.90317,0.94295,0.77212,0.62859,0.40628,0.80189,0.0008722,0.0008722,0.0008722
924,19144.7,0.47504,0.29764,0.79409,0.92761,0.90155,0.94268,0.77135,0.62969,0.40686,0.80205,0.0008623,0.0008623,0.0008623
925,19165.3,0.4721,0.29874,0.79326,0.92792,0.90161,0.94273,0.77087,0.63093,0.40738,0.8022,0.0008524,0.0008524,0.0008524
926,19186.2,0.47117,0.29733,0.7938,0.92708,0.90213,0.94269,0.77089,0.63092,0.40767,0.80222,0.0008425,0.0008425,0.0008425
927,19207.4,0.47115,0.29709,0.79316,0.92704,0.90166,0.94258,0.77052,0.63203,0.40831,0.80235,0.0008326,0.0008326,0.0008326
928,19228.1,0.47524,0.29853,0.79315,0.9274,0.90156,0.94241,0.77011,0.63344,0.40903,0.80252,0.0008227,0.0008227,0.0008227
929,19248.5,0.47923,0.29768,0.79371,0.92719,0.90124,0.9423,0.76984,0.63412,0.40963,0.80264,0.0008128,0.0008128,0.0008128
930,19269,0.47363,0.29747,0.79343,0.92753,0.90073,0.94219,0.76943,0.63542,0.41043,0.80279,0.0008029,0.0008029,0.0008029
931,19289.3,0.4742,0.29714,0.79395,0.92721,0.90066,0.94209,0.76893,0.63701,0.41115,0.80296,0.000793,0.000793,0.000793
932,19310.2,0.47852,0.29899,0.79415,0.92679,0.9007,0.94202,0.76868,0.63745,0.41157,0.80308,0.0007831,0.0007831,0.0007831
933,19330.9,0.47412,0.29785,0.79386,0.92769,0.89981,0.94203,0.76839,0.63863,0.41224,0.8032,0.0007732,0.0007732,0.0007732
934,19351.4,0.47846,0.29896,0.79351,0.92753,0.89965,0.94192,0.76791,0.63941,0.41278,0.80333,0.0007633,0.0007633,0.0007633
935,19372.1,0.47563,0.29703,0.7929,0.92761,0.8996,0.94188,0.76742,0.64079,0.41354,0.8035,0.0007534,0.0007534,0.0007534
936,19393.4,0.47622,0.29884,0.79417,0.92795,0.89911,0.94182,0.76701,0.64208,0.41402,0.80367,0.0007435,0.0007435,0.0007435
937,19413.8,0.47567,0.2982,0.79324,0.92756,0.89922,0.94183,0.76705,0.64265,0.41442,0.80377,0.0007336,0.0007336,0.0007336
938,19434.6,0.47423,0.29792,0.79341,0.92691,0.8994,0.94182,0.76665,0.64381,0.4151,0.80395,0.0007237,0.0007237,0.0007237
939,19455.8,0.46953,0.29536,0.7938,0.92722,0.89949,0.94182,0.7664,0.64468,0.41546,0.80404,0.0007138,0.0007138,0.0007138
940,19476.8,0.47155,0.29573,0.79359,0.92704,0.89968,0.94189,0.76654,0.64461,0.41572,0.80408,0.0007039,0.0007039,0.0007039
941,19497.3,0.47229,0.29612,0.79304,0.92704,0.89956,0.94183,0.76598,0.64544,0.41616,0.80419,0.000694,0.000694,0.000694
942,19518.3,0.47282,0.29686,0.79332,0.92666,0.9,0.94175,0.76599,0.64552,0.41635,0.80424,0.0006841,0.0006841,0.0006841
943,19539,0.47412,0.29626,0.79352,0.92668,0.89924,0.94164,0.76548,0.64692,0.41701,0.80442,0.0006742,0.0006742,0.0006742
944,19560.3,0.47175,0.29604,0.79338,0.92641,0.89936,0.94164,0.76503,0.64843,0.41768,0.80466,0.0006643,0.0006643,0.0006643
945,19580.8,0.47222,0.29749,0.79363,0.92618,0.89908,0.94145,0.76455,0.64925,0.41805,0.80481,0.0006544,0.0006544,0.0006544
946,19602.2,0.47436,0.29649,0.79296,0.92727,0.89797,0.94136,0.76395,0.65071,0.41881,0.80502,0.0006445,0.0006445,0.0006445
947,19622.8,0.47267,0.29678,0.79363,0.92777,0.89673,0.94114,0.76328,0.65248,0.41959,0.80525,0.0006346,0.0006346,0.0006346
948,19643.5,0.47247,0.29595,0.79376,0.92752,0.89664,0.94111,0.76309,0.65295,0.42004,0.80534,0.0006247,0.0006247,0.0006247
949,19664.4,0.47414,0.29535,0.79312,0.92682,0.89671,0.94093,0.76237,0.65446,0.42077,0.80556,0.0006148,0.0006148,0.0006148
950,19685.2,0.46981,0.29588,0.79285,0.92707,0.89642,0.94096,0.7623,0.65499,0.42112,0.80565,0.0006049,0.0006049,0.0006049
951,19706,0.47433,0.29587,0.79323,0.92701,0.89599,0.94075,0.76195,0.65601,0.42179,0.80577,0.000595,0.000595,0.000595
952,19726.7,0.47143,0.29529,0.79376,0.92724,0.89556,0.94056,0.7615,0.65702,0.42243,0.80595,0.0005851,0.0005851,0.0005851
953,19747.4,0.47072,0.29426,0.79277,0.92759,0.89524,0.94055,0.76124,0.6578,0.42292,0.80604,0.0005752,0.0005752,0.0005752
954,19768,0.47147,0.29688,0.79349,0.9274,0.89489,0.94038,0.76081,0.65901,0.42349,0.80623,0.0005653,0.0005653,0.0005653
955,19790.2,0.4759,0.29758,0.79322,0.92716,0.89448,0.94014,0.76046,0.66031,0.42411,0.80641,0.0005554,0.0005554,0.0005554
956,19811,0.4714,0.29552,0.79304,0.92705,0.89422,0.94017,0.76019,0.66097,0.42462,0.80652,0.0005455,0.0005455,0.0005455
957,19832.6,0.47276,0.29524,0.79274,0.92675,0.89421,0.94022,0.75981,0.6623,0.42537,0.80672,0.0005356,0.0005356,0.0005356
958,19853.6,0.47019,0.29485,0.7929,0.92641,0.89412,0.93992,0.75933,0.66336,0.4257,0.80686,0.0005257,0.0005257,0.0005257
959,19875,0.47348,0.29751,0.79367,0.92645,0.89365,0.93967,0.7587,0.66461,0.42654,0.80708,0.0005158,0.0005158,0.0005158
960,19895.6,0.47095,0.29616,0.79344,0.92601,0.89371,0.93947,0.75843,0.66591,0.42716,0.80727,0.0005059,0.0005059,0.0005059
961,19916.5,0.47413,0.29766,0.79357,0.92615,0.8933,0.93923,0.75792,0.66686,0.42783,0.80742,0.000496,0.000496,0.000496
962,19937,0.46883,0.29513,0.79353,0.92605,0.89311,0.9389,0.75738,0.66836,0.42854,0.80763,0.0004861,0.0004861,0.0004861
963,19957.7,0.47685,0.29798,0.79365,0.92534,0.89322,0.93837,0.75692,0.66984,0.42919,0.80784,0.0004762,0.0004762,0.0004762
964,19978.5,0.47037,0.2952,0.79381,0.92482,0.8932,0.93832,0.75656,0.6712,0.42977,0.80806,0.0004663,0.0004663,0.0004663
965,19999,0.47161,0.29486,0.79335,0.92508,0.89266,0.93829,0.75608,0.67284,0.43047,0.80832,0.0004564,0.0004564,0.0004564
966,20019.3,0.46792,0.29344,0.79299,0.92608,0.89183,0.93814,0.75561,0.6741,0.43143,0.80853,0.0004465,0.0004465,0.0004465
967,20040.1,0.47288,0.29621,0.79306,0.92596,0.89142,0.93793,0.7548,0.67576,0.43212,0.80875,0.0004366,0.0004366,0.0004366
968,20060.5,0.46644,0.29416,0.79314,0.92588,0.89078,0.93789,0.75429,0.67715,0.43301,0.80895,0.0004267,0.0004267,0.0004267
969,20081.1,0.47095,0.29592,0.79325,0.9257,0.89102,0.9379,0.75391,0.67823,0.43371,0.8091,0.0004168,0.0004168,0.0004168
970,20101.7,0.47244,0.29518,0.79326,0.92509,0.89119,0.93775,0.75344,0.67945,0.43429,0.80928,0.0004069,0.0004069,0.0004069
971,20122.5,0.46916,0.29479,0.79319,0.92561,0.89064,0.9377,0.7528,0.68072,0.43512,0.80948,0.000397,0.000397,0.000397
972,20143,0.47039,0.29358,0.79282,0.92544,0.89048,0.93771,0.75254,0.68192,0.43568,0.80965,0.0003871,0.0003871,0.0003871
973,20163.2,0.46641,0.29309,0.79358,0.92519,0.8906,0.93753,0.75202,0.68318,0.4364,0.80987,0.0003772,0.0003772,0.0003772
974,20184,0.47058,0.29416,0.79285,0.92466,0.89105,0.93755,0.75196,0.6838,0.43695,0.80991,0.0003673,0.0003673,0.0003673
975,20204.4,0.46928,0.29533,0.79349,0.92552,0.88946,0.9373,0.75129,0.68533,0.43769,0.81015,0.0003574,0.0003574,0.0003574
976,20224.9,0.47091,0.29419,0.79339,0.924,0.89057,0.93708,0.75073,0.68706,0.43876,0.81042,0.0003475,0.0003475,0.0003475
977,20245.4,0.46518,0.29336,0.79293,0.92405,0.89042,0.93709,0.75057,0.68814,0.43946,0.81059,0.0003376,0.0003376,0.0003376
978,20266.3,0.4697,0.29527,0.793,0.92428,0.88939,0.93692,0.74989,0.68985,0.44038,0.81083,0.0003277,0.0003277,0.0003277
979,20287,0.46987,0.29452,0.79272,0.92408,0.88918,0.93678,0.74927,0.69132,0.44098,0.81106,0.0003178,0.0003178,0.0003178
980,20307.5,0.46616,0.29166,0.79273,0.92461,0.88898,0.93675,0.74894,0.69218,0.44155,0.8112,0.0003079,0.0003079,0.0003079
981,20327.9,0.47037,0.29419,0.79371,0.92418,0.88883,0.93662,0.74849,0.69334,0.44233,0.81141,0.000298,0.000298,0.000298
982,20348.9,0.46978,0.29361,0.79346,0.92419,0.88845,0.93652,0.74809,0.69451,0.44313,0.81158,0.0002881,0.0002881,0.0002881
983,20370.1,0.46643,0.29522,0.79217,0.92413,0.88864,0.9364,0.7475,0.69589,0.44382,0.8118,0.0002782,0.0002782,0.0002782
984,20390.9,0.46677,0.29359,0.79255,0.92395,0.88864,0.93639,0.74726,0.69696,0.44453,0.81194,0.0002683,0.0002683,0.0002683
985,20411.7,0.46754,0.29284,0.79318,0.92423,0.8881,0.9362,0.74677,0.69793,0.44502,0.81209,0.0002584,0.0002584,0.0002584
986,20432.5,0.46644,0.29297,0.79271,0.92391,0.88791,0.93598,0.74614,0.69925,0.44586,0.81233,0.0002485,0.0002485,0.0002485
987,20453.1,0.46192,0.29019,0.79238,0.92389,0.88775,0.93583,0.74545,0.70088,0.44675,0.81257,0.0002386,0.0002386,0.0002386
988,20473.6,0.46529,0.29428,0.79298,0.92389,0.88803,0.93594,0.74557,0.70107,0.447,0.81259,0.0002287,0.0002287,0.0002287
989,20494.1,0.46803,0.29366,0.79304,0.92391,0.88778,0.93583,0.7449,0.70253,0.44767,0.8128,0.0002188,0.0002188,0.0002188
990,20515.1,0.46899,0.29364,0.79295,0.92383,0.8875,0.93575,0.74461,0.70276,0.44807,0.81283,0.0002089,0.0002089,0.0002089
991,20532.2,0.4388,0.28051,0.78783,0.9246,0.88649,0.93559,0.7442,0.70444,0.44889,0.81307,0.000199,0.000199,0.000199
992,20547,0.43171,0.27639,0.78724,0.92443,0.88613,0.93543,0.74355,0.7062,0.44986,0.81337,0.0001891,0.0001891,0.0001891
993,20561.8,0.429,0.27481,0.78757,0.92526,0.8848,0.9352,0.74295,0.708,0.45055,0.81365,0.0001792,0.0001792,0.0001792
994,20576.5,0.42583,0.27374,0.78715,0.92506,0.88451,0.93499,0.74218,0.70969,0.4515,0.81392,0.0001693,0.0001693,0.0001693
995,20591.1,0.42441,0.27313,0.78671,0.92462,0.8847,0.93492,0.74174,0.71102,0.45243,0.81414,0.0001594,0.0001594,0.0001594
996,20606,0.42624,0.27415,0.78691,0.92457,0.88424,0.93481,0.7412,0.71267,0.45294,0.81438,0.0001495,0.0001495,0.0001495
997,20620.7,0.42665,0.27405,0.7875,0.92465,0.88401,0.93458,0.74058,0.71424,0.45395,0.81465,0.0001396,0.0001396,0.0001396
998,20635.4,0.42385,0.2724,0.78665,0.92481,0.88338,0.93444,0.73977,0.71554,0.45451,0.81483,0.0001297,0.0001297,0.0001297
999,20650.2,0.42496,0.27202,0.78677,0.92374,0.88413,0.93426,0.73903,0.7172,0.45542,0.81512,0.0001198,0.0001198,0.0001198
1000,20664.9,0.42554,0.27313,0.78743,0.92441,0.88283,0.93404,0.73855,0.71885,0.45624,0.81538,0.0001099,0.0001099,0.0001099
